"3.2247772","2.7407966","1.4572058","0.23654902","0.7352481","0.5933352","0.2187641","0.36121982","0.35946524","0.19789216","0.37723103","0.19267263","0.12190139","0.40924188","0.08159263","0.035212927","0.31180164","0.18755777","0.11403992","0.2509","0.19668807","0.18942007","0.14098343","0.19096687","0.21710292","0.028563982","0.20391417","0.24725348","0.11311227","0.13311085","0.21410576","0.15567619","0.11590237","0.15567619","0.21410576","0.13311085","0.11311227","0.24725348","0.20391417","0.028563982","0.21710292","0.19096687","0.14098343","0.18942007","0.19668807","0.2509","0.11403992","0.18755777","0.31180164","0.035212927","0.08159263","0.40924188","0.12190139","0.19267263","0.37723103","0.19789216","0.35946524","0.36121982","0.2187641","0.5933352","0.7352481","0.23654902","1.4572058","2.7407966"
"3.3993037","2.6191552","1.4240795","0.21743152","0.78321475","0.48946503","0.2248863","0.39755145","0.22568831","0.04249028","0.36307058","0.21709956","0.14234583","0.15772921","0.23588559","0.16001861","0.24730214","0.08508421","0.10208009","0.23911527","0.07126559","0.11139858","0.16326047","0.07511284","0.08558081","0.13551168","0.06844734","0.10346399","0.13148524","0.107250124","0.21127523","0.13504681","0.040154558","0.13504681","0.21127523","0.107250124","0.13148524","0.10346399","0.06844734","0.13551168","0.08558081","0.07511284","0.16326047","0.11139858","0.07126559","0.23911527","0.10208009","0.08508421","0.24730214","0.16001861","0.23588559","0.15772921","0.14234583","0.21709956","0.36307058","0.04249028","0.22568831","0.39755145","0.2248863","0.48946503","0.78321475","0.21743152","1.4240795","2.6191552"
"3.4963624","2.6612425","1.3939936","0.22720519","0.7009316","0.43032837","0.16398254","0.45733735","0.22182314","0.1497829","0.2744265","0.29785886","0.2489819","0.2430785","0.114050254","0.10736242","0.2523284","0.091370344","0.050623935","0.16772552","0.100463115","0.12353557","0.1513631","0.09639576","0.18015747","0.11241525","0.0537777","0.12338461","0.17835386","0.09338436","0.09715213","0.14923544","0.043070834","0.14923544","0.09715213","0.09338436","0.17835386","0.12338461","0.0537777","0.11241525","0.18015747","0.09639576","0.1513631","0.12353557","0.100463115","0.16772552","0.050623935","0.091370344","0.2523284","0.10736242","0.114050254","0.2430785","0.2489819","0.29785886","0.2744265","0.1497829","0.22182314","0.45733735","0.16398254","0.43032837","0.7009316","0.22720519","1.3939936","2.6612425"
"3.1201286","2.837877","1.4189904","0.28623664","0.67583704","0.43013927","0.05921079","0.56143403","0.38676417","0.2631869","0.28932628","0.1857432","0.0470006","0.3154217","0.16832346","0.13583462","0.22147319","0.15185644","0.16195776","0.21563917","0.030874591","0.07402723","0.18307461","0.05068399","0.19401704","0.1631907","0.10522266","0.10196947","0.15841804","0.06240606","0.1465116","0.13965479","0.018282633","0.13965479","0.1465116","0.06240606","0.15841804","0.10196947","0.10522266","0.1631907","0.19401704","0.05068399","0.18307461","0.07402723","0.030874591","0.21563917","0.16195776","0.15185644","0.22147319","0.13583462","0.16832346","0.3154217","0.0470006","0.1857432","0.28932628","0.2631869","0.38676417","0.56143403","0.05921079","0.43013927","0.67583704","0.28623664","1.4189904","2.837877"
"3.331183","2.816511","1.3570437","0.22280455","0.65423447","0.4879638","0.24211212","0.35924172","0.28204197","0.060773153","0.41022292","0.2924236","0.21720682","0.31695208","0.056196015","0.10800115","0.13708068","0.09624112","0.07828368","0.20961009","0.10747382","0.11363607","0.15474577","0.06257386","0.15930854","0.15964547","0.026392197","0.07438657","0.16274178","0.06055738","0.18541364","0.08729255","0.033350002","0.08729255","0.18541364","0.06055738","0.16274178","0.07438657","0.026392197","0.15964547","0.15930854","0.06257386","0.15474577","0.11363607","0.10747382","0.20961009","0.07828368","0.09624112","0.13708068","0.10800115","0.056196015","0.31695208","0.21720682","0.2924236","0.41022292","0.060773153","0.28204197","0.35924172","0.24211212","0.4879638","0.65423447","0.22280455","1.3570437","2.816511"
"3.4521701","2.7978854","1.2326777","0.1515042","0.69660574","0.52020514","0.22979636","0.35619035","0.17647383","0.14337179","0.22791913","0.23592182","0.05636144","0.27658087","0.2618348","0.18048562","0.3082202","0.12815079","0.15877537","0.17308623","0.033666026","0.11047286","0.11380075","0.05637225","0.13634993","0.15689056","0.01539566","0.08537253","0.11794638","0.026619319","0.11133776","0.13581605","0.028265243","0.13581605","0.11133776","0.026619319","0.11794638","0.08537253","0.01539566","0.15689056","0.13634993","0.05637225","0.11380075","0.11047286","0.033666026","0.17308623","0.15877537","0.12815079","0.3082202","0.18048562","0.2618348","0.27658087","0.05636144","0.23592182","0.22791913","0.14337179","0.17647383","0.35619035","0.22979636","0.52020514","0.69660574","0.1515042","1.2326777","2.7978854"
"3.2301235","2.736017","1.4153332","0.15495932","0.72695833","0.5890267","0.20786668","0.35501507","0.4168732","0.18273614","0.3852829","0.23864858","0.10497247","0.4051087","0.042958893","0.06729952","0.27041382","0.117687665","0.109342024","0.18148471","0.09542408","0.10995912","0.21605054","0.038107906","0.10015073","0.17675956","0.07785928","0.15260646","0.13043773","0.02806723","0.11553405","0.12568475","0.010431203","0.12568475","0.11553405","0.02806723","0.13043773","0.15260646","0.07785928","0.17675956","0.10015073","0.038107906","0.21605054","0.10995912","0.09542408","0.18148471","0.109342024","0.117687665","0.27041382","0.06729952","0.042958893","0.4051087","0.10497247","0.23864858","0.3852829","0.18273614","0.4168732","0.35501507","0.20786668","0.5890267","0.72695833","0.15495932","1.4153332","2.736017"
"3.3272572","2.7196975","1.3934115","0.14478667","0.7564351","0.612353","0.23319773","0.38000935","0.29705042","0.15444861","0.41029128","0.09685566","0.022728756","0.3465764","0.15890718","0.123217106","0.18275912","0.18617609","0.18125646","0.12035066","0.12667577","0.14530033","0.1939333","0.037561152","0.13279872","0.21095107","0.024354018","0.10650688","0.17241317","0.06409348","0.12453476","0.082123175","0.038845968","0.082123175","0.12453476","0.06409348","0.17241317","0.10650688","0.024354018","0.21095107","0.13279872","0.037561152","0.1939333","0.14530033","0.12667577","0.12035066","0.18125646","0.18617609","0.18275912","0.123217106","0.15890718","0.3465764","0.022728756","0.09685566","0.41029128","0.15444861","0.29705042","0.38000935","0.23319773","0.612353","0.7564351","0.14478667","1.3934115","2.7196975"
"3.2964122","2.7409241","1.4222881","0.21640116","0.64880234","0.5796647","0.1448676","0.5493685","0.19177084","0.08371019","0.28581956","0.29781413","0.18332212","0.27413583","0.14766836","0.14369483","0.25577658","0.040552154","0.068945915","0.190866","0.16356248","0.16045618","0.1683251","0.06401878","0.13416484","0.20265","0.04802301","0.1101352","0.1608543","0.070652254","0.16678403","0.104969874","0.054287165","0.104969874","0.16678403","0.070652254","0.1608543","0.1101352","0.04802301","0.20265","0.13416484","0.06401878","0.1683251","0.16045618","0.16356248","0.190866","0.068945915","0.040552154","0.25577658","0.14369483","0.14766836","0.27413583","0.18332212","0.29781413","0.28581956","0.08371019","0.19177084","0.5493685","0.1448676","0.5796647","0.64880234","0.21640116","1.4222881","2.7409241"
"3.2776809","2.8236628","1.3574382","0.22234929","0.6546755","0.41778564","0.040216733","0.45862126","0.41750613","0.20529696","0.3643011","0.08652365","0.06462296","0.23134427","0.15636146","0.10167697","0.21962787","0.14084134","0.13773468","0.1861335","0.054972738","0.081845","0.20277928","0.10186081","0.15047225","0.120281406","0.035916507","0.083032094","0.11539959","0.018353783","0.10797878","0.19686219","0.071373425","0.19686219","0.10797878","0.018353783","0.11539959","0.083032094","0.035916507","0.120281406","0.15047225","0.10186081","0.20277928","0.081845","0.054972738","0.1861335","0.13773468","0.14084134","0.21962787","0.10167697","0.15636146","0.23134427","0.06462296","0.08652365","0.3643011","0.20529696","0.41750613","0.45862126","0.040216733","0.41778564","0.6546755","0.22234929","1.3574382","2.8236628"
"3.3556721","2.812407","1.2629021","0.15874363","0.71078396","0.47016662","0.21019721","0.32174546","0.26091656","0.029150981","0.32324922","0.32797354","0.16883236","0.27294812","0.07223079","0.06342125","0.23422408","0.16475958","0.123177975","0.17706418","0.057362307","0.12354774","0.1684357","0.05507435","0.14500168","0.12074235","0.011783572","0.124986894","0.14266844","0.07303473","0.1125237","0.11330027","0.074065335","0.11330027","0.1125237","0.07303473","0.14266844","0.124986894","0.011783572","0.12074235","0.14500168","0.05507435","0.1684357","0.12354774","0.057362307","0.17706418","0.123177975","0.16475958","0.23422408","0.06342125","0.07223079","0.27294812","0.16883236","0.32797354","0.32324922","0.029150981","0.26091656","0.32174546","0.21019721","0.47016662","0.71078396","0.15874363","1.2629021","2.812407"
"3.2492661","2.759597","1.4398916","0.14614727","0.81010646","0.51288015","0.1819095","0.48447728","0.18918258","0.12083588","0.23652068","0.28250894","0.057480153","0.28949156","0.22304603","0.1521501","0.25770012","0.07602031","0.12872817","0.1903483","0.0925456","0.10369981","0.18809162","0.0735205","0.12022917","0.15081258","0.05532378","0.14155926","0.14501895","0.025130607","0.1504175","0.12446812","0.008337485","0.12446812","0.1504175","0.025130607","0.14501895","0.14155926","0.05532378","0.15081258","0.12022917","0.0735205","0.18809162","0.10369981","0.0925456","0.1903483","0.12872817","0.07602031","0.25770012","0.1521501","0.22304603","0.28949156","0.057480153","0.28250894","0.23652068","0.12083588","0.18918258","0.48447728","0.1819095","0.51288015","0.81010646","0.14614727","1.4398916","2.759597"
"3.266016","2.7872565","1.4227383","0.10345787","0.73283535","0.6041701","0.20930968","0.36350513","0.40108612","0.16552606","0.39656663","0.22099192","0.083252236","0.31601954","0.07607518","0.12774134","0.22976828","0.094869725","0.1258669","0.22383732","0.0155489845","0.077365875","0.17970487","0.027237294","0.12739016","0.22817801","0.03595873","0.072707094","0.18772368","0.046528637","0.13701272","0.12583008","0.0286017","0.12583008","0.13701272","0.046528637","0.18772368","0.072707094","0.03595873","0.22817801","0.12739016","0.027237294","0.17970487","0.077365875","0.0155489845","0.22383732","0.1258669","0.094869725","0.22976828","0.12774134","0.07607518","0.31601954","0.083252236","0.22099192","0.39656663","0.16552606","0.40108612","0.36350513","0.20930968","0.6041701","0.73283535","0.10345787","1.4227383","2.7872565"
"3.1877258","2.7762911","1.4156274","0.224194","0.73101497","0.55981815","0.22115067","0.4485","0.2570043","0.052115075","0.41171777","0.20640874","0.12957624","0.20522133","0.17431591","0.10674769","0.22507566","0.14616603","0.094590165","0.1948371","0.026459709","0.16146937","0.20567878","0.09186733","0.14074194","0.13626063","0.028177807","0.1279049","0.17856891","0.022442598","0.10154105","0.1826453","0.013721337","0.1826453","0.10154105","0.022442598","0.17856891","0.1279049","0.028177807","0.13626063","0.14074194","0.09186733","0.20567878","0.16146937","0.026459709","0.1948371","0.094590165","0.14616603","0.22507566","0.10674769","0.17431591","0.20522133","0.12957624","0.20640874","0.41171777","0.052115075","0.2570043","0.4485","0.22115067","0.55981815","0.73101497","0.224194","1.4156274","2.7762911"
"3.3936956","2.7163355","1.4196199","0.25163093","0.6350989","0.4804952","0.075793035","0.58317065","0.20750414","0.15829483","0.23657072","0.30206457","0.14749205","0.28648615","0.123047784","0.11091151","0.21577433","0.061081838","0.09326237","0.21286207","0.09504269","0.10376134","0.17719308","0.10324874","0.18693388","0.12540393","0.02381223","0.077952944","0.16221954","0.029378667","0.11154522","0.14617486","0.057876393","0.14617486","0.11154522","0.029378667","0.16221954","0.077952944","0.02381223","0.12540393","0.18693388","0.10324874","0.17719308","0.10376134","0.09504269","0.21286207","0.09326237","0.061081838","0.21577433","0.11091151","0.123047784","0.28648615","0.14749205","0.30206457","0.23657072","0.15829483","0.20750414","0.58317065","0.075793035","0.4804952","0.6350989","0.25163093","1.4196199","2.7163355"
"3.2811954","2.8129795","1.3417","0.2901583","0.57958883","0.41378173","0.08335771","0.50978625","0.41314593","0.18767634","0.39604634","0.11467334","0.11996027","0.14534312","0.12532789","0.08724598","0.25752246","0.16387512","0.11991278","0.18915135","0.079833545","0.10481888","0.15506627","0.082845174","0.13683896","0.17205237","0.016751483","0.08362998","0.13518311","0.059972547","0.15558152","0.1195726","0.01648804","0.1195726","0.15558152","0.059972547","0.13518311","0.08362998","0.016751483","0.17205237","0.13683896","0.082845174","0.15506627","0.10481888","0.079833545","0.18915135","0.11991278","0.16387512","0.25752246","0.08724598","0.12532789","0.14534312","0.11996027","0.11467334","0.39604634","0.18767634","0.41314593","0.50978625","0.08335771","0.41378173","0.57958883","0.2901583","1.3417","2.8129795"
"3.315368","2.8732507","1.2185223","0.20758124","0.63796836","0.5549574","0.23858602","0.31741753","0.21751022","0.033930536","0.3314809","0.31189296","0.17315447","0.30743447","0.08817353","0.11817681","0.19029462","0.12025123","0.09423586","0.19874053","0.064813755","0.102087684","0.109956294","0.079126984","0.12509374","0.15791225","0.036018282","0.10668028","0.1464262","0.0478322","0.125931","0.16148706","0.089244835","0.16148706","0.125931","0.0478322","0.1464262","0.10668028","0.036018282","0.15791225","0.12509374","0.079126984","0.109956294","0.102087684","0.064813755","0.19874053","0.09423586","0.12025123","0.19029462","0.11817681","0.08817353","0.30743447","0.17315447","0.31189296","0.3314809","0.033930536","0.21751022","0.31741753","0.23858602","0.5549574","0.63796836","0.20758124","1.2185223","2.8732507"
"3.3128254","2.889988","1.182565","0.08829871","0.73850244","0.57425827","0.21784325","0.44885027","0.31912225","0.2588834","0.27655938","0.07592844","0.14300732","0.17748728","0.16526657","0.04079775","0.23486546","0.1659483","0.11509444","0.17581627","0.0819597","0.10474036","0.14960863","0.068801716","0.08013952","0.15523246","0.08195477","0.090762556","0.12280214","0.046796918","0.14318854","0.14829513","0.011328545","0.14829513","0.14318854","0.046796918","0.12280214","0.090762556","0.08195477","0.15523246","0.08013952","0.068801716","0.14960863","0.10474036","0.0819597","0.17581627","0.11509444","0.1659483","0.23486546","0.04079775","0.16526657","0.17748728","0.14300732","0.07592844","0.27655938","0.2588834","0.31912225","0.44885027","0.21784325","0.57425827","0.73850244","0.08829871","1.182565","2.889988"
"3.4781547","2.5997846","1.3558457","0.14942755","0.71523744","0.5728289","0.16240418","0.41112095","0.41667783","0.14268908","0.38727558","0.19180305","0.04211418","0.3509393","0.07683271","0.10052266","0.24854083","0.10883104","0.11709821","0.21757679","0.084362425","0.16135934","0.14409627","0.07100715","0.12659815","0.16080973","0.01211118","0.08383348","0.18813506","0.04547367","0.13467748","0.1425387","0.017684445","0.1425387","0.13467748","0.04547367","0.18813506","0.08383348","0.01211118","0.16080973","0.12659815","0.07100715","0.14409627","0.16135934","0.084362425","0.21757679","0.11709821","0.10883104","0.24854083","0.10052266","0.07683271","0.3509393","0.04211418","0.19180305","0.38727558","0.14268908","0.41667783","0.41112095","0.16240418","0.5728289","0.71523744","0.14942755","1.3558457","2.5997846"
"3.4854453","2.6378195","1.3486325","0.22897993","0.7171079","0.47764462","0.20855457","0.36193314","0.25670525","0.036426533","0.40157208","0.15209809","0.10014174","0.24206434","0.19781834","0.16136628","0.1531382","0.08201028","0.09847482","0.20423193","0.094440766","0.116691634","0.14529005","0.04907976","0.124255806","0.15957566","0.021148926","0.06607884","0.18353383","0.06852683","0.15058959","0.10616529","0.00912264","0.10616529","0.15058959","0.06852683","0.18353383","0.06607884","0.021148926","0.15957566","0.124255806","0.04907976","0.14529005","0.116691634","0.094440766","0.20423193","0.09847482","0.08201028","0.1531382","0.16136628","0.19781834","0.24206434","0.10014174","0.15209809","0.40157208","0.036426533","0.25670525","0.36193314","0.20855457","0.47764462","0.7171079","0.22897993","1.3486325","2.6378195"
"3.204326","2.8578804","1.4323158","0.30471066","0.6097017","0.4613904","0.13399416","0.5478597","0.27881464","0.17323925","0.26298827","0.23734993","0.10735741","0.22532782","0.14315563","0.091863416","0.22458354","0.08179062","0.08986517","0.18286645","0.14103498","0.14704227","0.18747935","0.028440934","0.11334992","0.16187596","0.052327584","0.116161525","0.10493368","0.07178876","0.11707406","0.123402975","0.040416315","0.123402975","0.11707406","0.07178876","0.10493368","0.116161525","0.052327584","0.16187596","0.11334992","0.028440934","0.18747935","0.14704227","0.14103498","0.18286645","0.08986517","0.08179062","0.22458354","0.091863416","0.14315563","0.22532782","0.10735741","0.23734993","0.26298827","0.17323925","0.27881464","0.5478597","0.13399416","0.4613904","0.6097017","0.30471066","1.4323158","2.8578804"
"3.2989547","2.7862072","1.3282976","0.2035659","0.63555574","0.51878756","0.14158724","0.45814005","0.30878055","0.118856974","0.40605167","0.18627065","0.1624934","0.14134909","0.14261727","0.08495003","0.2783558","0.12443947","0.1481011","0.16135983","0.04701858","0.09582093","0.17383824","0.06671836","0.11491503","0.14367577","0.01780376","0.124136835","0.11231023","0.05475373","0.10312732","0.14568315","0.009870394","0.14568315","0.10312732","0.05475373","0.11231023","0.124136835","0.01780376","0.14367577","0.11491503","0.06671836","0.17383824","0.09582093","0.04701858","0.16135983","0.1481011","0.12443947","0.2783558","0.08495003","0.14261727","0.14134909","0.1624934","0.18627065","0.40605167","0.118856974","0.30878055","0.45814005","0.14158724","0.51878756","0.63555574","0.2035659","1.3282976","2.7862072"
"3.2654552","2.9877937","1.0881051","0.16044076","0.57011867","0.48275632","0.1715263","0.39010298","0.26963285","0.0217297","0.34433994","0.2855938","0.18417212","0.26510963","0.111384","0.12423782","0.17075112","0.074214704","0.09953068","0.22853875","0.06386973","0.12074035","0.11241438","0.027183164","0.10103021","0.13233916","0.05520751","0.09182697","0.1755488","0.05813909","0.15147816","0.06252773","0.036116708","0.06252773","0.15147816","0.05813909","0.1755488","0.09182697","0.05520751","0.13233916","0.10103021","0.027183164","0.11241438","0.12074035","0.06386973","0.22853875","0.09953068","0.074214704","0.17075112","0.12423782","0.111384","0.26510963","0.18417212","0.2855938","0.34433994","0.0217297","0.26963285","0.39010298","0.1715263","0.48275632","0.57011867","0.16044076","1.0881051","2.9877937"
"3.2237303","2.83005","1.3457776","0.13825971","0.74719757","0.53443235","0.19295178","0.50225884","0.21769017","0.1958785","0.2564158","0.13870035","0.0781025","0.19160224","0.19229276","0.0935705","0.27024114","0.10716766","0.10793834","0.19209708","0.032045748","0.090468094","0.17158464","0.023192016","0.12402022","0.18752703","0.01509487","0.11644965","0.12055211","0.034881916","0.16083342","0.1708273","0.012637115","0.1708273","0.16083342","0.034881916","0.12055211","0.11644965","0.01509487","0.18752703","0.12402022","0.023192016","0.17158464","0.090468094","0.032045748","0.19209708","0.10793834","0.10716766","0.27024114","0.0935705","0.19229276","0.19160224","0.0781025","0.13870035","0.2564158","0.1958785","0.21769017","0.50225884","0.19295178","0.53443235","0.74719757","0.13825971","1.3457776","2.83005"
"2.983289","2.9721055","0.910815","0.15586442","0.24626194","0.28638938","0.08795464","0.557885","0.54852825","0.2572056","0.8062134","0.47548372","0.2961951","0.63747704","0.2779718","0.1991293","0.34924316","0.22087683","0.16587773","0.26522383","0.17882082","0.15779708","0.27151528","0.0636593","0.099981815","0.1703521","0.009674308","0.14457628","0.12337036","0.025410524","0.14608996","0.0993904","0.020974591","0.0993904","0.14608996","0.025410524","0.12337036","0.14457628","0.009674308","0.1703521","0.099981815","0.0636593","0.27151528","0.15779708","0.17882082","0.26522383","0.16587773","0.22087683","0.34924316","0.1991293","0.2779718","0.63747704","0.2961951","0.47548372","0.8062134","0.2572056","0.54852825","0.557885","0.08795464","0.28638938","0.24626194","0.15586442","0.910815","2.9721055"
"2.8871274","2.7290576","0.6075518","0.1448599","0.76566803","0.97018707","0.24711278","1.2108289","0.73584616","0.26499048","0.5149664","0.22205436","0.019134112","0.15685593","0.05785331","0.14291333","0.29986316","0.19802853","0.13215521","0.13520078","0.1301098","0.119383454","0.25136313","0.0668431","0.22973454","0.33711788","0.041114412","0.17563152","0.17748125","0.022567295","0.0989445","0.11716356","0.06150299","0.11716356","0.0989445","0.022567295","0.17748125","0.17563152","0.041114412","0.33711788","0.22973454","0.0668431","0.25136313","0.119383454","0.1301098","0.13520078","0.13215521","0.19802853","0.29986316","0.14291333","0.05785331","0.15685593","0.019134112","0.22205436","0.5149664","0.26499048","0.73584616","1.2108289","0.24711278","0.97018707","0.76566803","0.1448599","0.6075518","2.7290576"
"2.8973718","2.421201","0.68931293","0.045592755","1.5451623","1.2577931","0.36959895","0.9960256","0.31300157","0.10693119","0.40097654","0.21539086","0.18925285","0.39494535","0.3548161","0.19386591","0.28257242","0.13429393","0.06141546","0.20577359","0.06801832","0.124757566","0.124496534","0.17032968","0.15670112","0.22537278","0.06484038","0.16389425","0.25017735","0.122535884","0.2013854","0.13755739","0.025236793","0.13755739","0.2013854","0.122535884","0.25017735","0.16389425","0.06484038","0.22537278","0.15670112","0.17032968","0.124496534","0.124757566","0.06801832","0.20577359","0.06141546","0.13429393","0.28257242","0.19386591","0.3548161","0.39494535","0.18925285","0.21539086","0.40097654","0.10693119","0.31300157","0.9960256","0.36959895","1.2577931","1.5451623","0.045592755","0.68931293","2.421201"
"2.7984436","2.2139797","1.1665933","0.09889563","1.8610896","1.1081883","0.18354785","0.35029605","0.4887412","0.28494012","0.7776966","0.3797025","0.0073941574","0.27089468","0.091495425","0.14630252","0.19839652","0.25251296","0.15568732","0.21664663","0.07941146","0.116652556","0.15953566","0.06810289","0.16190037","0.25096226","0.012753227","0.08427236","0.06399095","0.032845344","0.15787835","0.16618353","0.0987413","0.16618353","0.15787835","0.032845344","0.06399095","0.08427236","0.012753227","0.25096226","0.16190037","0.06810289","0.15953566","0.116652556","0.07941146","0.21664663","0.15568732","0.25251296","0.19839652","0.14630252","0.091495425","0.27089468","0.0073941574","0.3797025","0.7776966","0.28494012","0.4887412","0.35029605","0.18354785","1.1081883","1.8610896","0.09889563","1.1665933","2.2139797"
"2.9195428","2.1792192","1.6207353","0.23848754","1.5585479","0.41073588","0.12703927","1.1105067","0.8298603","0.17318076","0.22350019","0.32633072","0.280698","0.39502546","0.2116575","0.117665306","0.27851886","0.26520222","0.08470113","0.20469297","0.075359955","0.0961381","0.21023796","0.029009264","0.16419111","0.19596475","0.03244774","0.21421108","0.10152322","0.02563629","0.15899228","0.121623375","0.050697897","0.121623375","0.15899228","0.02563629","0.10152322","0.21421108","0.03244774","0.19596475","0.16419111","0.029009264","0.21023796","0.0961381","0.075359955","0.20469297","0.08470113","0.26520222","0.27851886","0.117665306","0.2116575","0.39502546","0.280698","0.32633072","0.22350019","0.17318076","0.8298603","1.1105067","0.12703927","0.41073588","1.5585479","0.23848754","1.6207353","2.1792192"
"2.7695801","2.0426033","1.9051026","0.12965998","1.1428707","0.3706652","0.15772699","1.2154101","0.5157612","0.061147906","0.77645415","0.5224123","0.13843933","0.19239935","0.18247801","0.24488263","0.23338251","0.14737365","0.1425286","0.26220348","0.22302501","0.06481688","0.11715622","0.13961072","0.1770607","0.15899672","0.082477756","0.13511208","0.13766553","0.05598375","0.15810646","0.17369704","0.040864915","0.17369704","0.15810646","0.05598375","0.13766553","0.13511208","0.082477756","0.15899672","0.1770607","0.13961072","0.11715622","0.06481688","0.22302501","0.26220348","0.1425286","0.14737365","0.23338251","0.24488263","0.18247801","0.19239935","0.13843933","0.5224123","0.77645415","0.061147906","0.5157612","1.2154101","0.15772699","0.3706652","1.1428707","0.12965998","1.9051026","2.0426033"
"2.8720229","2.8404078","0.96103555","0.23394266","0.11899697","0.3800919","0.045226328","0.8314444","0.61614484","0.2455352","0.88548785","0.4981447","0.2549258","0.58772326","0.34675583","0.12833992","0.21931702","0.20858376","0.13744594","0.29525217","0.06244562","0.1503455","0.318331","0.030829944","0.14640315","0.23540358","0.02388937","0.09419075","0.10788179","0.033289935","0.0525809","0.09294181","0.0037013812","0.09294181","0.0525809","0.033289935","0.10788179","0.09419075","0.02388937","0.23540358","0.14640315","0.030829944","0.318331","0.1503455","0.06244562","0.29525217","0.13744594","0.20858376","0.21931702","0.12833992","0.34675583","0.58772326","0.2549258","0.4981447","0.88548785","0.2455352","0.61614484","0.8314444","0.045226328","0.3800919","0.11899697","0.23394266","0.96103555","2.8404078"
"2.8435707","2.7594151","0.6210667","0.097784065","0.73384637","0.98440593","0.28409728","1.2165476","0.7245998","0.28248405","0.4844001","0.15438683","0.056942277","0.2163541","0.13205631","0.18525673","0.32114476","0.19618304","0.12143464","0.20928355","0.10831393","0.09610243","0.14647186","0.029664382","0.15563211","0.24785645","0.037993245","0.16451378","0.15853237","0.034987226","0.12802649","0.10315471","0.02445163","0.10315471","0.12802649","0.034987226","0.15853237","0.16451378","0.037993245","0.24785645","0.15563211","0.029664382","0.14647186","0.09610243","0.10831393","0.20928355","0.12143464","0.19618304","0.32114476","0.18525673","0.13205631","0.2163541","0.056942277","0.15438683","0.4844001","0.28248405","0.7245998","1.2165476","0.28409728","0.98440593","0.73384637","0.097784065","0.6210667","2.7594151"
"2.8588996","2.566373","0.6473411","0.14079574","1.3975722","1.187139","0.36398032","1.0137101","0.33383903","0.08237164","0.15563567","0.11719435","0.14849305","0.39380178","0.31078506","0.21991885","0.40742037","0.1538894","0.068597265","0.14373964","0.027104015","0.1287428","0.123802625","0.10094428","0.14657234","0.24403858","0.029379703","0.18817662","0.17558601","0.04915177","0.12805338","0.15470591","0.016749727","0.15470591","0.12805338","0.04915177","0.17558601","0.18817662","0.029379703","0.24403858","0.14657234","0.10094428","0.123802625","0.1287428","0.027104015","0.14373964","0.068597265","0.1538894","0.40742037","0.21991885","0.31078506","0.39380178","0.14849305","0.11719435","0.15563567","0.08237164","0.33383903","1.0137101","0.36398032","1.187139","1.3975722","0.14079574","0.6473411","2.566373"
"2.7963123","2.2513728","0.8691091","0.10494201","1.8172356","1.3068393","0.34107342","0.5407508","0.25626153","0.24680386","0.8085615","0.5114526","0.1816348","0.21060394","0.13014562","0.1492134","0.1783823","0.17097887","0.117000274","0.34674555","0.113510035","0.21997006","0.20461608","0.06285508","0.08567366","0.14273195","0.05170746","0.2098526","0.24677858","0.057106618","0.13444808","0.10135165","0.033649072","0.10135165","0.13444808","0.057106618","0.24677858","0.2098526","0.05170746","0.14273195","0.08567366","0.06285508","0.20461608","0.21997006","0.113510035","0.34674555","0.117000274","0.17097887","0.1783823","0.1492134","0.13014562","0.21060394","0.1816348","0.5114526","0.8085615","0.24680386","0.25626153","0.5407508","0.34107342","1.3068393","1.8172356","0.10494201","0.8691091","2.2513728"
"2.9466488","2.1981199","1.5018755","0.09088528","1.4665865","0.30603972","0.04054215","1.1504899","0.7082871","0.21907108","0.36967856","0.31560865","0.29481","0.6101922","0.21749565","0.12968445","0.46670514","0.34761357","0.25498438","0.108397946","0.18722647","0.28868538","0.42412278","0.20230193","0.039764524","0.20335132","0.11976953","0.2116548","0.19015406","0.02942333","0.07881407","0.20942725","0.083262764","0.20942725","0.07881407","0.02942333","0.19015406","0.2116548","0.11976953","0.20335132","0.039764524","0.20230193","0.42412278","0.28868538","0.18722647","0.108397946","0.25498438","0.34761357","0.46670514","0.12968445","0.21749565","0.6101922","0.29481","0.31560865","0.36967856","0.21907108","0.7082871","1.1504899","0.04054215","0.30603972","1.4665865","0.09088528","1.5018755","2.1981199"
"2.6101956","2.2306974","1.7850599","0.06792813","1.1189766","0.25170612","0.086506955","1.2350609","0.4870507","0.034031816","0.7902301","0.52367157","0.17946516","0.15063724","0.23546177","0.31939375","0.27531326","0.15976344","0.22659433","0.31842452","0.2688665","0.05201219","0.11779741","0.19030169","0.18224372","0.107132584","0.025286091","0.12096431","0.2300324","0.11809332","0.1762754","0.28362584","0.1296611","0.28362584","0.1762754","0.11809332","0.2300324","0.12096431","0.025286091","0.107132584","0.18224372","0.19030169","0.11779741","0.05201219","0.2688665","0.31842452","0.22659433","0.15976344","0.27531326","0.31939375","0.23546177","0.15063724","0.17946516","0.52367157","0.7902301","0.034031816","0.4870507","1.2350609","0.086506955","0.25170612","1.1189766","0.06792813","1.7850599","2.2306974"
"2.6855695","2.9936264","0.85057485","0.26549235","0.17189676","0.46501458","0.015881034","0.88521415","0.59996164","0.21887447","0.8979448","0.48754057","0.27972585","0.4413876","0.34805277","0.15195796","0.23720773","0.16846117","0.09415787","0.31650007","0.013483838","0.16349728","0.2878693","0.042308036","0.15554084","0.2451697","0.06271563","0.07199625","0.14081244","0.08981428","0.08276411","0.053240724","0.08771189","0.053240724","0.08276411","0.08981428","0.14081244","0.07199625","0.06271563","0.2451697","0.15554084","0.042308036","0.2878693","0.16349728","0.013483838","0.31650007","0.09415787","0.16846117","0.23720773","0.15195796","0.34805277","0.4413876","0.27972585","0.48754057","0.8979448","0.21887447","0.59996164","0.88521415","0.015881034","0.46501458","0.17189676","0.26549235","0.85057485","2.9936264"
"2.7269952","2.7923017","0.5833266","0.09217539","0.7043591","1.0158166","0.2851556","1.2527902","0.7351264","0.27593237","0.5854512","0.2066007","0.082185835","0.10042813","0.077072866","0.19141634","0.19701807","0.13256387","0.08112633","0.26521286","0.21341746","0.16300188","0.16965862","0.10048051","0.19961566","0.2870113","0.03517398","0.17830636","0.22860608","0.061095968","0.10122748","0.08551353","0.054287132","0.08551353","0.10122748","0.061095968","0.22860608","0.17830636","0.03517398","0.2870113","0.19961566","0.10048051","0.16965862","0.16300188","0.21341746","0.26521286","0.08112633","0.13256387","0.19701807","0.19141634","0.077072866","0.10042813","0.082185835","0.2066007","0.5854512","0.27593237","0.7351264","1.2527902","0.2851556","1.0158166","0.7043591","0.09217539","0.5833266","2.7923017"
"2.7395575","2.516608","0.5643001","0.04532135","1.4804772","1.3513029","0.35322315","0.9660118","0.32397825","0.10879438","0.2740305","0.18289635","0.24501808","0.3520748","0.31933197","0.12779354","0.33633593","0.16646013","0.1045203","0.15264577","0.038067076","0.10093219","0.117196515","0.052677408","0.15839717","0.22284758","0.07180947","0.19503543","0.21424752","0.04369864","0.14762186","0.14096077","0.058399826","0.14096077","0.14762186","0.04369864","0.21424752","0.19503543","0.07180947","0.22284758","0.15839717","0.052677408","0.117196515","0.10093219","0.038067076","0.15264577","0.1045203","0.16646013","0.33633593","0.12779354","0.31933197","0.3520748","0.24501808","0.18289635","0.2740305","0.10879438","0.32397825","0.9660118","0.35322315","1.3513029","1.4804772","0.04532135","0.5643001","2.516608"
"2.7690566","2.100059","1.0399758","0.15460697","1.8754712","1.2423114","0.24118957","0.359919","0.5103196","0.33781448","0.8589489","0.42035705","0.07425271","0.24829279","0.077398255","0.19710441","0.22220221","0.23357128","0.14921823","0.27741462","0.054516595","0.103820175","0.1649774","0.060682192","0.17562456","0.20846786","0.06433737","0.073837355","0.113226265","0.040314533","0.16609386","0.22473064","0.07399057","0.22473064","0.16609386","0.040314533","0.113226265","0.073837355","0.06433737","0.20846786","0.17562456","0.060682192","0.1649774","0.103820175","0.054516595","0.27741462","0.14921823","0.23357128","0.22220221","0.19710441","0.077398255","0.24829279","0.07425271","0.42035705","0.8589489","0.33781448","0.5103196","0.359919","0.24118957","1.2423114","1.8754712","0.15460697","1.0399758","2.100059"
"2.6833262","2.3334827","1.4557762","0.2057881","1.6189678","0.59624577","0.070530444","0.9748196","0.8272491","0.24664992","0.40931153","0.14999866","0.2765815","0.6509832","0.3284714","0.02616383","0.25313455","0.107512504","0.15821995","0.2308118","0.111065544","0.12185535","0.19234295","0.05281333","0.08215191","0.11758883","0.051078595","0.17762771","0.18155666","0.043250363","0.18953598","0.15438215","0.038210392","0.15438215","0.18953598","0.043250363","0.18155666","0.17762771","0.051078595","0.11758883","0.08215191","0.05281333","0.19234295","0.12185535","0.111065544","0.2308118","0.15821995","0.107512504","0.25313455","0.02616383","0.3284714","0.6509832","0.2765815","0.14999866","0.40931153","0.24664992","0.8272491","0.9748196","0.070530444","0.59624577","1.6189678","0.2057881","1.4557762","2.3334827"
"2.6858313","2.1852612","1.7095118","0.13660465","1.3599932","0.23687501","0.096100956","1.1848557","0.69807154","0.13308747","0.42236835","0.45778477","0.27692705","0.26782683","0.025569692","0.21830024","0.33237705","0.19953173","0.08338548","0.19426616","0.09302593","0.14020175","0.2826961","0.08040462","0.06783865","0.098751016","0.06565029","0.24203148","0.22023946","0.025971808","0.14069542","0.17648482","0.03540631","0.17648482","0.14069542","0.025971808","0.22023946","0.24203148","0.06565029","0.098751016","0.06783865","0.08040462","0.2826961","0.14020175","0.09302593","0.19426616","0.08338548","0.19953173","0.33237705","0.21830024","0.025569692","0.26782683","0.27692705","0.45778477","0.42236835","0.13308747","0.69807154","1.1848557","0.096100956","0.23687501","1.3599932","0.13660465","1.7095118","2.1852612"
"2.8586752","2.8926127","0.8475762","0.21183129","0.16189303","0.49094972","0.060965706","0.9111459","0.68666667","0.3007304","0.8911926","0.53471583","0.310472","0.43387362","0.37026185","0.111028194","0.13408895","0.1899358","0.105439104","0.30745983","0.046546325","0.17235307","0.27735233","0.07438295","0.14412639","0.20759414","0.034421492","0.078278","0.14882205","0.03786896","0.08524941","0.06796246","0.003888326","0.06796246","0.08524941","0.03786896","0.14882205","0.078278","0.034421492","0.20759414","0.14412639","0.07438295","0.27735233","0.17235307","0.046546325","0.30745983","0.105439104","0.1899358","0.13408895","0.111028194","0.37026185","0.43387362","0.310472","0.53471583","0.8911926","0.3007304","0.68666667","0.9111459","0.060965706","0.49094972","0.16189303","0.21183129","0.8475762","2.8926127"
"2.7817686","2.7433105","0.4589479","0.09406059","0.9044424","1.0244699","0.23169366","1.3216584","0.6995047","0.21358576","0.39551094","0.27857268","0.024782272","0.2092309","0.08346724","0.1277179","0.17530203","0.15692373","0.10943282","0.22070405","0.12687689","0.138305","0.23406635","0.0948792","0.2323906","0.285764","0.073230274","0.15619114","0.14982387","0.052767824","0.074581064","0.13449776","0.016338473","0.13449776","0.074581064","0.052767824","0.14982387","0.15619114","0.073230274","0.285764","0.2323906","0.0948792","0.23406635","0.138305","0.12687689","0.22070405","0.10943282","0.15692373","0.17530203","0.1277179","0.08346724","0.2092309","0.024782272","0.27857268","0.39551094","0.21358576","0.6995047","1.3216584","0.23169366","1.0244699","0.9044424","0.09406059","0.4589479","2.7433105"
"2.8308961","2.5186465","0.5664612","0.017932009","1.325249","1.195474","0.28713018","1.2201178","0.5361864","0.09065973","0.23562989","0.17607124","0.23359647","0.436291","0.2633125","0.17218232","0.3719051","0.21245007","0.07698476","0.17574105","0.029895902","0.11800053","0.16541931","0.08187988","0.11753095","0.16615282","0.017105186","0.2487727","0.2632728","0.07060929","0.09687841","0.11730577","0.0060942173","0.11730577","0.09687841","0.07060929","0.2632728","0.2487727","0.017105186","0.16615282","0.11753095","0.08187988","0.16541931","0.11800053","0.029895902","0.17574105","0.07698476","0.21245007","0.3719051","0.17218232","0.2633125","0.436291","0.23359647","0.17607124","0.23562989","0.09065973","0.5361864","1.2201178","0.28713018","1.195474","1.325249","0.017932009","0.5664612","2.5186465"
"3.001123","1.995041","1.1089562","0.12834258","1.8772075","1.182867","0.15981084","0.45031703","0.57467794","0.33191696","0.69855696","0.3480577","0.12438395","0.33525217","0.11011484","0.05591771","0.22815318","0.20775515","0.17051965","0.22208983","0.13114075","0.11221195","0.12618296","0.099585615","0.18585491","0.30625978","0.07631766","0.08370851","0.10895521","0.048639305","0.20598872","0.14624701","0.050548393","0.14624701","0.20598872","0.048639305","0.10895521","0.08370851","0.07631766","0.30625978","0.18585491","0.099585615","0.12618296","0.11221195","0.13114075","0.22208983","0.17051965","0.20775515","0.22815318","0.05591771","0.11011484","0.33525217","0.12438395","0.3480577","0.69855696","0.33191696","0.57467794","0.45031703","0.15981084","1.182867","1.8772075","0.12834258","1.1089562","1.995041"
"3.0866292","2.0466542","1.586715","0.27218205","1.4868455","0.41296494","0.1244413","1.1321423","0.7922071","0.1557025","0.2346168","0.3108002","0.28264716","0.41659096","0.23563233","0.11641607","0.23582008","0.28938156","0.14694853","0.23730482","0.11703432","0.14591093","0.36291596","0.14895897","0.10808485","0.19362143","0.07952496","0.2413004","0.068252645","0.026993144","0.20963256","0.12930056","0.027853986","0.12930056","0.20963256","0.026993144","0.068252645","0.2413004","0.07952496","0.19362143","0.10808485","0.14895897","0.36291596","0.14591093","0.11703432","0.23730482","0.14694853","0.28938156","0.23582008","0.11641607","0.23563233","0.41659096","0.28264716","0.3108002","0.2346168","0.1557025","0.7922071","1.1321423","0.1244413","0.41296494","1.4868455","0.27218205","1.586715","2.0466542"
"2.975288","1.9350257","1.7623699","0.10822419","1.1613386","0.3577652","0.09489233","1.215932","0.634679","0.038849182","0.76536566","0.5620621","0.18227212","0.21802765","0.1770808","0.2168277","0.20900127","0.1230155","0.10978687","0.21487923","0.16337466","0.09825228","0.10947316","0.06749932","0.17994747","0.18110728","0.080900796","0.13528347","0.14918086","0.07419181","0.09750967","0.093977444","0.034658544","0.093977444","0.09750967","0.07419181","0.14918086","0.13528347","0.080900796","0.18110728","0.17994747","0.06749932","0.10947316","0.09825228","0.16337466","0.21487923","0.10978687","0.1230155","0.20900127","0.2168277","0.1770808","0.21802765","0.18227212","0.5620621","0.76536566","0.038849182","0.634679","1.215932","0.09489233","0.3577652","1.1613386","0.10822419","1.7623699","1.9350257"
"1.245838","2.6151228","1.6324571","1.3373308","0.08983442","0.71921366","0.8299505","0.5435041","0.62076664","0.28742185","0.67191845","0.5098566","0.1953081","0.5219843","0.3801562","0.38427442","0.28586742","0.26629198","0.30723235","0.17574544","0.13058278","0.1524367","0.1575984","0.091272585","0.11945702","0.1057133","0.17123988","0.111663885","0.15441401","0.22303838","0.12875158","0.17674783","0.22492531","0.17674783","0.12875158","0.22303838","0.15441401","0.111663885","0.17123988","0.1057133","0.11945702","0.091272585","0.1575984","0.1524367","0.13058278","0.17574544","0.30723235","0.26629198","0.28586742","0.38427442","0.3801562","0.5219843","0.1953081","0.5098566","0.67191845","0.28742185","0.62076664","0.5435041","0.8299505","0.71921366","0.08983442","1.3373308","1.6324571","2.6151228"
"0.801446","2.300371","1.7364625","1.6712438","0.60076857","0.90326846","0.6381034","0.9819423","0.6402809","0.26706603","0.6643123","0.31778863","0.52498317","0.0678933","0.119499184","0.20518516","0.2052134","0.30895585","0.2144427","0.17097141","0.30185136","0.29440424","0.26295632","0.15901585","0.1637213","0.24362089","0.15654269","0.1830414","0.12823704","0.17609058","0.15476428","0.092273705","0.13377376","0.092273705","0.15476428","0.17609058","0.12823704","0.1830414","0.15654269","0.24362089","0.1637213","0.15901585","0.26295632","0.29440424","0.30185136","0.17097141","0.2144427","0.30895585","0.2052134","0.20518516","0.119499184","0.0678933","0.52498317","0.31778863","0.6643123","0.26706603","0.6402809","0.9819423","0.6381034","0.90326846","0.60076857","1.6712438","1.7364625","2.300371"
"0.12928718","1.8973823","1.9085383","1.9288776","1.334647","1.0012976","0.043394834","0.9283732","0.30825746","0.71377826","0.21385278","0.39623114","0.07238438","0.34400067","0.424207","0.4416657","0.3343375","0.1518672","0.102247536","0.22029154","0.19351774","0.15564823","0.1541922","0.21175382","0.1596817","0.23731826","0.19050409","0.19799303","0.19872953","0.15877795","0.17565511","0.06898786","0.15396322","0.06898786","0.17565511","0.15877795","0.19872953","0.19799303","0.19050409","0.23731826","0.1596817","0.21175382","0.1541922","0.15564823","0.19351774","0.22029154","0.102247536","0.1518672","0.3343375","0.4416657","0.424207","0.34400067","0.07238438","0.39623114","0.21385278","0.71377826","0.30825746","0.9283732","0.043394834","1.0012976","1.334647","1.9288776","1.9085383","1.8973823"
"0.45205653","1.5319395","1.7943022","1.8665837","1.7225007","1.033112","0.605437","0.49820453","0.18819538","0.4638891","0.6680818","0.5789291","0.50147414","0.28448594","0.14085686","0.19998783","0.11775992","0.27236375","0.28508148","0.40898484","0.26325247","0.2013915","0.23635007","0.11235478","0.10744695","0.20448843","0.24547082","0.25922483","0.25042668","0.16648214","0.21590917","0.109202206","0.14614913","0.109202206","0.21590917","0.16648214","0.25042668","0.25922483","0.24547082","0.20448843","0.10744695","0.11235478","0.23635007","0.2013915","0.26325247","0.40898484","0.28508148","0.27236375","0.11775992","0.19998783","0.14085686","0.28448594","0.50147414","0.5789291","0.6680818","0.4638891","0.18819538","0.49820453","0.605437","1.033112","1.7225007","1.8665837","1.7943022","1.5319395"
"1.1492279","1.5131907","2.2735026","1.3462247","1.5127301","0.31896916","0.95853436","0.86343735","0.7566229","0.47101945","0.18139437","0.32742095","0.100680634","0.5242453","0.30099472","0.4415579","0.33234486","0.3887369","0.43075943","0.20188561","0.10652409","0.078790605","0.055227194","0.19627634","0.19661446","0.20808877","0.18583843","0.21946487","0.23759583","0.18156752","0.10510151","0.14246325","0.10505986","0.14246325","0.10510151","0.18156752","0.23759583","0.21946487","0.18583843","0.20808877","0.19661446","0.19627634","0.055227194","0.078790605","0.10652409","0.20188561","0.43075943","0.3887369","0.33234486","0.4415579","0.30099472","0.5242453","0.100680634","0.32742095","0.18139437","0.47101945","0.7566229","0.86343735","0.95853436","0.31896916","1.5127301","1.3462247","2.2735026","1.5131907"
"2.171823","1.6740639","2.1996324","0.8041366","0.97513086","0.7019746","0.70073265","1.0853276","0.20282379","0.5853584","0.73690695","0.5259048","0.52838445","0.23496097","0.45597145","0.41164255","0.1709851","0.13456134","0.16474473","0.26922187","0.19088955","0.12597908","0.1276961","0.25413972","0.23444183","0.12545359","0.09754273","0.1541154","0.3089265","0.21159813","0.09109705","0.28485107","0.33533168","0.28485107","0.09109705","0.21159813","0.3089265","0.1541154","0.09754273","0.12545359","0.23444183","0.25413972","0.1276961","0.12597908","0.19088955","0.26922187","0.16474473","0.13456134","0.1709851","0.41164255","0.45597145","0.23496097","0.52838445","0.5259048","0.73690695","0.5853584","0.20282379","1.0853276","0.70073265","0.7019746","0.97513086","0.8041366","2.1996324","1.6740639"
"1.01265","2.476011","1.4323542","1.6220233","0.29965115","0.7936963","0.87110984","0.8523662","0.7859606","0.07033975","0.7037649","0.53491557","0.43369287","0.31713682","0.31145567","0.43302283","0.263977","0.13999556","0.13448599","0.32061192","0.09974131","0.17488575","0.17269883","0.17126475","0.21884382","0.16157082","0.16372694","0.13013397","0.14814632","0.14776501","0.14358617","0.06308415","0.17972343","0.06308415","0.14358617","0.14776501","0.14814632","0.13013397","0.16372694","0.16157082","0.21884382","0.17126475","0.17269883","0.17488575","0.09974131","0.32061192","0.13448599","0.13999556","0.263977","0.43302283","0.31145567","0.31713682","0.43369287","0.53491557","0.7037649","0.07033975","0.7859606","0.8523662","0.87110984","0.7936963","0.29965115","1.6220233","1.4323542","2.476011"
"0.5654539","2.3582573","1.4733256","1.820935","0.8587405","0.98564774","0.5363522","1.1484704","0.7455344","0.47293496","0.47214225","0.2571622","0.564803","0.23661694","0.1528024","0.08954755","0.1935934","0.2746045","0.28978378","0.22179425","0.24533363","0.1827929","0.3612034","0.18686597","0.19912489","0.22042502","0.13687488","0.25256103","0.13891703","0.11400423","0.092523366","0.14423782","0.2032404","0.14423782","0.092523366","0.11400423","0.13891703","0.25256103","0.13687488","0.22042502","0.19912489","0.18686597","0.3612034","0.1827929","0.24533363","0.22179425","0.28978378","0.2746045","0.1935934","0.08954755","0.1528024","0.23661694","0.564803","0.2571622","0.47214225","0.47293496","0.7455344","1.1484704","0.5363522","0.98564774","0.8587405","1.820935","1.4733256","2.3582573"
"0.11066804","1.7995857","1.8712335","2.0062926","1.4334338","1.0041603","0.15214045","0.87011045","0.30141053","0.77475667","0.28069878","0.35837552","0.06897658","0.19792977","0.3764862","0.39791045","0.432533","0.17925441","0.16383156","0.21403024","0.16447178","0.13959555","0.15280384","0.19952323","0.16200542","0.24429443","0.1776853","0.16444768","0.244437","0.20570204","0.24336454","0.018786464","0.11986543","0.018786464","0.24336454","0.20570204","0.244437","0.16444768","0.1776853","0.24429443","0.16200542","0.19952323","0.15280384","0.13959555","0.16447178","0.21403024","0.16383156","0.17925441","0.432533","0.39791045","0.3764862","0.19792977","0.06897658","0.35837552","0.28069878","0.77475667","0.30141053","0.87011045","0.15214045","1.0041603","1.4334338","2.0062926","1.8712335","1.7995857"
"1.1158404","1.4118075","2.0797966","1.6592566","1.6333344","0.5573531","0.8971801","0.35917598","0.7016753","0.15629841","0.5469616","0.23866126","0.43494877","0.34110746","0.46758375","0.44642067","0.19143926","0.09441236","0.05872998","0.189724","0.2607502","0.2011874","0.21844418","0.18228936","0.18381947","0.15554293","0.17417547","0.14277735","0.1577607","0.15957889","0.15236929","0.12382189","0.18151803","0.12382189","0.15236929","0.15957889","0.1577607","0.14277735","0.17417547","0.15554293","0.18381947","0.18228936","0.21844418","0.2011874","0.2607502","0.189724","0.05872998","0.09441236","0.19143926","0.44642067","0.46758375","0.34110746","0.43494877","0.23866126","0.5469616","0.15629841","0.7016753","0.35917598","0.8971801","0.5573531","1.6333344","1.6592566","2.0797966","1.4118075"
"1.7086997","1.4699687","2.1866078","1.2670941","1.3920964","0.30444238","0.9545672","0.98611027","0.61324114","0.5848265","0.15885876","0.4704489","0.19648346","0.35699475","0.11216803","0.26260567","0.25122407","0.39041534","0.43795678","0.26637888","0.22958145","0.20877086","0.29578045","0.13583882","0.15448946","0.046092547","0.12444165","0.16646","0.16381696","0.16661346","0.13928765","0.22247362","0.25461128","0.22247362","0.13928765","0.16661346","0.16381696","0.16646","0.12444165","0.046092547","0.15448946","0.13583882","0.29578045","0.20877086","0.22958145","0.26637888","0.43795678","0.39041534","0.25122407","0.26260567","0.11216803","0.35699475","0.19648346","0.4704489","0.15885876","0.5848265","0.61324114","0.98611027","0.9545672","0.30444238","1.3920964","1.2670941","2.1866078","1.4699687"
"1.945103","1.3865565","2.1595714","1.2065324","1.2052382","0.42293212","0.9516974","0.9896254","0.46376842","0.74769723","0.38479388","0.5526836","0.4749182","0.09414694","0.24543904","0.13425873","0.18225522","0.14819624","0.18998875","0.22367388","0.22666863","0.32720658","0.31348613","0.15062559","0.32318568","0.25693032","0.16502686","0.21769655","0.12983117","0.19229633","0.09425584","0.071874395","0.1754612","0.071874395","0.09425584","0.19229633","0.12983117","0.21769655","0.16502686","0.25693032","0.32318568","0.15062559","0.31348613","0.32720658","0.22666863","0.22367388","0.18998875","0.14819624","0.18225522","0.13425873","0.24543904","0.09414694","0.4749182","0.5526836","0.38479388","0.74769723","0.46376842","0.9896254","0.9516974","0.42293212","1.2052382","1.2065324","2.1595714","1.3865565"
"1.5436697","2.4226484","1.431238","1.571687","0.15415078","0.7197401","0.9493777","0.7318915","0.7213664","0.2068959","0.7530528","0.6354657","0.38408428","0.3606779","0.39878374","0.5576155","0.19858727","0.13386978","0.32170674","0.39196667","0.11927811","0.0470252","0.31532592","0.18770602","0.26214802","0.046060015","0.13030075","0.21802129","0.20139323","0.17072503","0.010947176","0.2009451","0.2149054","0.2009451","0.010947176","0.17072503","0.20139323","0.21802129","0.13030075","0.046060015","0.26214802","0.18770602","0.31532592","0.0470252","0.11927811","0.39196667","0.32170674","0.13386978","0.19858727","0.5576155","0.39878374","0.3606779","0.38408428","0.6354657","0.7530528","0.2068959","0.7213664","0.7318915","0.9493777","0.7197401","0.15415078","1.571687","1.431238","2.4226484"
"1.0221839","2.1953623","1.6153407","1.808527","0.62490916","0.9722268","0.6323876","1.0340998","0.71515214","0.33588785","0.6446477","0.28662926","0.57791173","0.07562736","0.115734495","0.19367498","0.17777972","0.26690322","0.19991598","0.13887018","0.280633","0.20740885","0.33775505","0.23725313","0.20585345","0.26415244","0.14576711","0.2434984","0.09295582","0.1455642","0.12124642","0.12164991","0.1816302","0.12164991","0.12124642","0.1455642","0.09295582","0.2434984","0.14576711","0.26415244","0.20585345","0.23725313","0.33775505","0.20740885","0.280633","0.13887018","0.19991598","0.26690322","0.17777972","0.19367498","0.115734495","0.07562736","0.57791173","0.28662926","0.6446477","0.33588785","0.71515214","1.0340998","0.6323876","0.9722268","0.62490916","1.808527","1.6153407","2.1953623"
"0.08771191","1.6761184","1.8134983","1.9475584","1.5165275","1.1240361","0.45149946","0.65289736","0.110731915","0.65960175","0.41501534","0.49269915","0.26532623","0.19517972","0.36598814","0.35332245","0.33916965","0.15355162","0.1388397","0.09486309","0.19612268","0.1546328","0.2315511","0.26311356","0.21678619","0.15296578","0.10484692","0.108464055","0.17146972","0.18382478","0.19730082","0.13299166","0.17490037","0.13299166","0.19730082","0.18382478","0.17146972","0.108464055","0.10484692","0.15296578","0.21678619","0.26311356","0.2315511","0.1546328","0.19612268","0.09486309","0.1388397","0.15355162","0.33916965","0.35332245","0.36598814","0.19517972","0.26532623","0.49269915","0.41501534","0.65960175","0.110731915","0.65289736","0.45149946","1.1240361","1.5165275","1.9475584","1.8134983","1.6761184"
"0.70326555","1.1098201","1.9429134","1.9139456","1.6572237","0.915937","0.9061683","0.074865736","0.5737107","0.10706372","0.44871205","0.45652902","0.63803965","0.33786538","0.14166641","0.21164915","0.12537482","0.34760982","0.1894547","0.24545237","0.09769303","0.30353132","0.23990488","0.22849084","0.07200504","0.06476381","0.17850073","0.22655635","0.24898677","0.18801829","0.14872493","0.09745126","0.15007484","0.09745126","0.14872493","0.18801829","0.24898677","0.22655635","0.17850073","0.06476381","0.07200504","0.22849084","0.23990488","0.30353132","0.09769303","0.24545237","0.1894547","0.34760982","0.12537482","0.21164915","0.14166641","0.33786538","0.63803965","0.45652902","0.44871205","0.10706372","0.5737107","0.074865736","0.9061683","0.915937","1.6572237","1.9139456","1.9429134","1.1098201"
"1.4308705","1.166726","2.3301756","1.4772807","1.5234255","0.10487839","0.9623569","0.8563532","0.7205096","0.5659964","0.051308468","0.34457844","0.08636026","0.31219336","0.26183525","0.3253601","0.21040103","0.30593643","0.27929962","0.26077947","0.1683184","0.17578402","0.17623968","0.15616861","0.10970789","0.16947986","0.14715196","0.23091935","0.13601048","0.14412199","0.1473432","0.1535187","0.22099961","0.1535187","0.1473432","0.14412199","0.13601048","0.23091935","0.14715196","0.16947986","0.10970789","0.15616861","0.17623968","0.17578402","0.1683184","0.26077947","0.27929962","0.30593643","0.21040103","0.3253601","0.26183525","0.31219336","0.08636026","0.34457844","0.051308468","0.5659964","0.7205096","0.8563532","0.9623569","0.10487839","1.5234255","1.4772807","2.3301756","1.166726"
"2.5954647","1.4442782","2.170184","0.7446561","0.89446527","0.7113763","0.6301282","0.975357","0.139472","0.5702674","0.6769625","0.5133302","0.5856011","0.2760162","0.44925237","0.4803483","0.22624406","0.17242326","0.25846657","0.20971948","0.15430015","0.23669885","0.11212042","0.19676152","0.25042915","0.10820885","0.17423573","0.15171407","0.092305176","0.17914739","0.13325942","0.12526597","0.18402302","0.12526597","0.13325942","0.17914739","0.092305176","0.15171407","0.17423573","0.10820885","0.25042915","0.19676152","0.11212042","0.23669885","0.15430015","0.20971948","0.25846657","0.17242326","0.22624406","0.4803483","0.44925237","0.2760162","0.5856011","0.5133302","0.6769625","0.5702674","0.139472","0.975357","0.6301282","0.7113763","0.89446527","0.7446561","2.170184","1.4442782"
"1.4297116","2.4688091","1.4748502","1.6525059","0.20751493","0.8436935","0.9833714","0.8455992","0.69160193","0.16151753","0.75270873","0.52435863","0.46265277","0.2749881","0.30214858","0.5589987","0.21903093","0.034543738","0.22743501","0.32129747","0.25265253","0.20180172","0.116369255","0.2520759","0.3503128","0.16157222","0.14752631","0.22974762","0.23138629","0.14637013","0.06594804","0.1617568","0.197707","0.1617568","0.06594804","0.14637013","0.23138629","0.22974762","0.14752631","0.16157222","0.3503128","0.2520759","0.116369255","0.20180172","0.25265253","0.32129747","0.22743501","0.034543738","0.21903093","0.5589987","0.30214858","0.2749881","0.46265277","0.52435863","0.75270873","0.16151753","0.69160193","0.8455992","0.9833714","0.8436935","0.20751493","1.6525059","1.4748502","2.4688091"
"0.72259504","2.1488173","1.5608664","1.902024","0.8050598","1.1266457","0.5254151","1.0062983","0.6829848","0.52212745","0.3960794","0.07227651","0.51786464","0.24502192","0.2877636","0.03949921","0.08657113","0.24246304","0.27797616","0.23029695","0.30434662","0.19222869","0.28758654","0.15612493","0.19943985","0.2105414","0.1232113","0.17055562","0.16968912","0.22515857","0.13053767","0.0693563","0.11608931","0.0693563","0.13053767","0.22515857","0.16968912","0.17055562","0.1232113","0.2105414","0.19943985","0.15612493","0.28758654","0.19222869","0.30434662","0.23029695","0.27797616","0.24246304","0.08657113","0.03949921","0.2877636","0.24502192","0.51786464","0.07227651","0.3960794","0.52212745","0.6829848","1.0062983","0.5254151","1.1266457","0.8050598","1.902024","1.5608664","2.1488173"
"0.23449661","1.7589233","1.8944976","1.977679","1.5731261","1.0599539","0.46915972","0.6699031","0.20325343","0.5444433","0.33254486","0.41035706","0.27640566","0.22987777","0.41602665","0.24589476","0.32240194","0.13416557","0.20423375","0.16782038","0.18003224","0.192607","0.13320996","0.20856865","0.08653568","0.19294113","0.1685926","0.23809159","0.23369402","0.15926272","0.16812901","0.03645088","0.17572288","0.03645088","0.16812901","0.15926272","0.23369402","0.23809159","0.1685926","0.19294113","0.08653568","0.20856865","0.13320996","0.192607","0.18003224","0.16782038","0.20423375","0.13416557","0.32240194","0.24589476","0.41602665","0.22987777","0.27640566","0.41035706","0.33254486","0.5444433","0.20325343","0.6699031","0.46915972","1.0599539","1.5731261","1.977679","1.8944976","1.7589233"
"1.0775927","1.3289952","2.056848","1.7379922","1.635047","0.73525375","0.9243431","0.14021097","0.61224717","0.084090546","0.42752355","0.40061605","0.4724257","0.30870804","0.24677134","0.28791347","0.23819639","0.2849203","0.17966016","0.1365675","0.13272092","0.16115165","0.209033","0.23996991","0.1281446","0.1318121","0.12730871","0.17517002","0.20282164","0.20363702","0.2035689","0.069722384","0.15014964","0.069722384","0.2035689","0.20363702","0.20282164","0.17517002","0.12730871","0.1318121","0.1281446","0.23996991","0.209033","0.16115165","0.13272092","0.1365675","0.17966016","0.2849203","0.23819639","0.28791347","0.24677134","0.30870804","0.4724257","0.40061605","0.42752355","0.084090546","0.61224717","0.14021097","0.9243431","0.73525375","1.635047","1.7379922","2.056848","1.3289952"
"1.6491034","1.3500806","2.248538","1.2617794","1.4635209","0.38019705","0.95969915","1.08738","0.55944777","0.6324617","0.24136919","0.49235064","0.316377","0.33053747","0.05439893","0.09582356","0.27233136","0.36393005","0.32184395","0.20752847","0.24033585","0.25322834","0.39776957","0.15804234","0.13325304","0.16494","0.23961133","0.27219984","0.11822802","0.11930143","0.10651332","0.17185414","0.13115661","0.17185414","0.10651332","0.11930143","0.11822802","0.27219984","0.23961133","0.16494","0.13325304","0.15804234","0.39776957","0.25322834","0.24033585","0.20752847","0.32184395","0.36393005","0.27233136","0.09582356","0.05439893","0.33053747","0.316377","0.49235064","0.24136919","0.6324617","0.55944777","1.08738","0.95969915","0.38019705","1.4635209","1.2617794","2.248538","1.3500806"
"2.147633","1.3636822","2.1028585","1.060793","1.2580049","0.3135322","0.89334136","1.0350319","0.53086656","0.78243923","0.37641034","0.54792607","0.5782654","0.17893805","0.16816355","0.21169008","0.22349451","0.24315354","0.091719516","0.061464794","0.2195672","0.1513363","0.25685522","0.07325991","0.12261632","0.23002619","0.22739945","0.20790021","0.1707745","0.22161478","0.17379235","0.18081562","0.16383359","0.18081562","0.17379235","0.22161478","0.1707745","0.20790021","0.22739945","0.23002619","0.12261632","0.07325991","0.25685522","0.1513363","0.2195672","0.061464794","0.091719516","0.24315354","0.22349451","0.21169008","0.16816355","0.17893805","0.5782654","0.54792607","0.37641034","0.78243923","0.53086656","1.0350319","0.89334136","0.3135322","1.2580049","1.060793","2.1028585","1.3636822"
"3.240069","2.746128","1.5029994","0.41233075","0.6404191","0.45153937","0.027067035","0.42695817","0.39873144","0.3568178","0.06429357","0.3537022","0.26820248","0.49525684","0.03927772","0.10918099","0.30727118","0.09274396","0.03210268","0.25476483","0.06675327","0.11575841","0.2973123","0.075353414","0.08451343","0.10738019","0.021552695","0.07251578","0.21642947","0.07470054","0.15235566","0.14648119","0.11593972","0.14648119","0.15235566","0.07470054","0.21642947","0.07251578","0.021552695","0.10738019","0.08451343","0.075353414","0.2973123","0.11575841","0.06675327","0.25476483","0.03210268","0.09274396","0.30727118","0.10918099","0.03927772","0.49525684","0.26820248","0.3537022","0.06429357","0.3568178","0.39873144","0.42695817","0.027067035","0.45153937","0.6404191","0.41233075","1.5029994","2.746128"
"3.099939","2.8461723","1.4685115","0.29656032","0.6918864","0.47622952","0.26245323","0.30995175","0.34659368","0.40505055","0.5387063","0.09926994","0.12431516","0.286331","0.09563178","0.15178686","0.1787855","0.24476686","0.2226125","0.15074694","0.22297692","0.18751411","0.16987205","0.111798614","0.09238545","0.1395485","0.06187015","0.074697524","0.12767129","0.06828176","0.13578568","0.22026709","0.073018454","0.22026709","0.13578568","0.06828176","0.12767129","0.074697524","0.06187015","0.1395485","0.09238545","0.111798614","0.16987205","0.18751411","0.22297692","0.15074694","0.2226125","0.24476686","0.1787855","0.15178686","0.09563178","0.286331","0.12431516","0.09926994","0.5387063","0.40505055","0.34659368","0.30995175","0.26245323","0.47622952","0.6918864","0.29656032","1.4685115","2.8461723"
"3.173294","2.8779256","1.2501117","0.20158781","0.6255622","0.5047998","0.31652486","0.31743792","0.32993078","0.29001462","0.57610506","0.28287348","0.3065545","0.15462808","0.12151088","0.18322659","0.11798605","0.16807239","0.079253405","0.3015743","0.11605289","0.1536008","0.1403344","0.046885505","0.11373353","0.07781942","0.11672803","0.13017042","0.22534457","0.08483793","0.090495706","0.18091086","0.04161266","0.18091086","0.090495706","0.08483793","0.22534457","0.13017042","0.11672803","0.07781942","0.11373353","0.046885505","0.1403344","0.1536008","0.11605289","0.3015743","0.079253405","0.16807239","0.11798605","0.18322659","0.12151088","0.15462808","0.3065545","0.28287348","0.57610506","0.29001462","0.32993078","0.31743792","0.31652486","0.5047998","0.6255622","0.20158781","1.2501117","2.8779256"
"3.1047246","2.918994","1.2965864","0.18929456","0.7107251","0.56517595","0.33607575","0.34221518","0.12884592","0.3235775","0.39126346","0.31826404","0.1857163","0.19839796","0.21825396","0.20867173","0.28399807","0.06728451","0.07721299","0.2611455","0.10654355","0.19679321","0.120421164","0.04422464","0.0756591","0.09885063","0.074159354","0.1136738","0.17385446","0.024843277","0.0843615","0.15496047","0.11549107","0.15496047","0.0843615","0.024843277","0.17385446","0.1136738","0.074159354","0.09885063","0.0756591","0.04422464","0.120421164","0.19679321","0.10654355","0.2611455","0.07721299","0.06728451","0.28399807","0.20867173","0.21825396","0.19839796","0.1857163","0.31826404","0.39126346","0.3235775","0.12884592","0.34221518","0.33607575","0.56517595","0.7107251","0.18929456","1.2965864","2.918994"
"2.9924116","2.9903188","1.2955506","0.27912548","0.6306463","0.49997002","0.15479441","0.49839783","0.3700601","0.48498675","0.029917313","0.2859036","0.17804442","0.43921897","0.2730569","0.088737436","0.3084142","0.21012054","0.2718595","0.18885969","0.03706334","0.04200239","0.2418455","0.11262774","0.12771973","0.11896718","0.09534306","0.14163499","0.21662016","0.10434831","0.07131574","0.17032017","0.04101446","0.17032017","0.07131574","0.10434831","0.21662016","0.14163499","0.09534306","0.11896718","0.12771973","0.11262774","0.2418455","0.04200239","0.03706334","0.18885969","0.2718595","0.21012054","0.3084142","0.088737436","0.2730569","0.43921897","0.17804442","0.2859036","0.029917313","0.48498675","0.3700601","0.49839783","0.15479441","0.49997002","0.6306463","0.27912548","1.2955506","2.9903188"
"3.041315","2.9403908","1.4184022","0.30034474","0.6837444","0.44650152","0.15791813","0.4547442","0.31505743","0.37659737","0.049610622","0.3437245","0.19224548","0.53129774","0.22096741","0.07576359","0.22437525","0.27842462","0.30493918","0.25853604","0.041405108","0.066836484","0.15353552","0.11714871","0.17369395","0.11930354","0.10423006","0.14725076","0.18234278","0.06317997","0.061210275","0.1904741","0.07227072","0.1904741","0.061210275","0.06317997","0.18234278","0.14725076","0.10423006","0.11930354","0.17369395","0.11714871","0.15353552","0.066836484","0.041405108","0.25853604","0.30493918","0.27842462","0.22437525","0.07576359","0.22096741","0.53129774","0.19224548","0.3437245","0.049610622","0.37659737","0.31505743","0.4547442","0.15791813","0.44650152","0.6837444","0.30034474","1.4184022","2.9403908"
"3.0900688","2.9122589","1.4065897","0.32884333","0.6061099","0.5449955","0.008456717","0.5354391","0.42073557","0.42984352","0.14628479","0.38692588","0.3283122","0.46121886","0.06420784","0.08149429","0.31146127","0.09017216","0.04011799","0.23458117","0.05069685","0.03938382","0.22477569","0.07047895","0.097444855","0.17004116","0.07165008","0.13105437","0.121615395","0.037732847","0.1834433","0.119957745","0.0044491338","0.119957745","0.1834433","0.037732847","0.121615395","0.13105437","0.07165008","0.17004116","0.097444855","0.07047895","0.22477569","0.03938382","0.05069685","0.23458117","0.04011799","0.09017216","0.31146127","0.08149429","0.06420784","0.46121886","0.3283122","0.38692588","0.14628479","0.42984352","0.42073557","0.5354391","0.008456717","0.5449955","0.6061099","0.32884333","1.4065897","2.9122589"
"3.0627382","2.8607674","1.383789","0.32688814","0.7064798","0.6191851","0.31867638","0.33120587","0.3574825","0.34165204","0.5385255","0.098834015","0.14807384","0.19996706","0.039024383","0.24714863","0.20958278","0.28623706","0.21160495","0.19260038","0.08704093","0.22946988","0.14370999","0.0630254","0.14331292","0.25129116","0.03928629","0.07770623","0.20625864","0.10439714","0.17089769","0.07029295","0.053988066","0.07029295","0.17089769","0.10439714","0.20625864","0.07770623","0.03928629","0.25129116","0.14331292","0.0630254","0.14370999","0.22946988","0.08704093","0.19260038","0.21160495","0.28623706","0.20958278","0.24714863","0.039024383","0.19996706","0.14807384","0.098834015","0.5385255","0.34165204","0.3574825","0.33120587","0.31867638","0.6191851","0.7064798","0.32688814","1.383789","2.8607674"
"3.2446675","2.8290231","1.4013898","0.24806844","0.6410229","0.5677317","0.3577567","0.28648564","0.101658314","0.31007552","0.5441087","0.29631466","0.18593164","0.21871333","0.28695154","0.34590518","0.23852506","0.11158311","0.05581661","0.22173402","0.024045054","0.021615036","0.31258136","0.18352555","0.25433215","0.14428468","0.053455744","0.05619015","0.080953166","0.09805865","0.116973236","0.26695132","0.07657031","0.26695132","0.116973236","0.09805865","0.080953166","0.05619015","0.053455744","0.14428468","0.25433215","0.18352555","0.31258136","0.021615036","0.024045054","0.22173402","0.05581661","0.11158311","0.23852506","0.34590518","0.28695154","0.21871333","0.18593164","0.29631466","0.5441087","0.31007552","0.101658314","0.28648564","0.3577567","0.5677317","0.6410229","0.24806844","1.4013898","2.8290231"
"3.1025562","2.9120831","1.4084734","0.29685792","0.5990083","0.56650424","0.3910132","0.3645125","0.14491639","0.3429484","0.44220442","0.301983","0.14202984","0.22559662","0.30782953","0.33825478","0.24137726","0.03869226","0.040028732","0.2628557","0.1111822","0.07100723","0.14595962","0.06212951","0.15263806","0.09389701","0.06488989","0.08545583","0.08105658","0.06397289","0.15551668","0.21596086","0.021273712","0.21596086","0.15551668","0.06397289","0.08105658","0.08545583","0.06488989","0.09389701","0.15263806","0.06212951","0.14595962","0.07100723","0.1111822","0.2628557","0.040028732","0.03869226","0.24137726","0.33825478","0.30782953","0.22559662","0.14202984","0.301983","0.44220442","0.3429484","0.14491639","0.3645125","0.3910132","0.56650424","0.5990083","0.29685792","1.4084734","2.9120831"
"3.11968","2.8683157","1.3777258","0.34502766","0.666963","0.43176532","0.23815371","0.48399472","0.34054357","0.39457202","0.096908346","0.18429263","0.06661405","0.24137352","0.12509724","0.13440552","0.30282646","0.1953891","0.18214992","0.13235314","0.16512865","0.14235038","0.21603464","0.049268253","0.025216756","0.17748004","0.05288121","0.11159719","0.12757777","0.11652855","0.17212781","0.16884166","0.045501046","0.16884166","0.17212781","0.11652855","0.12757777","0.11159719","0.05288121","0.17748004","0.025216756","0.049268253","0.21603464","0.14235038","0.16512865","0.13235314","0.18214992","0.1953891","0.30282646","0.13440552","0.12509724","0.24137352","0.06661405","0.18429263","0.096908346","0.39457202","0.34054357","0.48399472","0.23815371","0.43176532","0.666963","0.34502766","1.3777258","2.8683157"
"3.1634984","2.9559886","1.3227792","0.3109155","0.62764645","0.40009868","0.23937549","0.6396169","0.37734428","0.5546869","0.22222836","0.16448113","0.03508482","0.23308635","0.093099155","0.19785987","0.14560148","0.18355542","0.14826143","0.091466114","0.049280755","0.021756401","0.26330242","0.054060906","0.18695402","0.12378254","0.07429551","0.08233104","0.14575376","0.0370396","0.078254715","0.16251613","0.090216905","0.16251613","0.078254715","0.0370396","0.14575376","0.08233104","0.07429551","0.12378254","0.18695402","0.054060906","0.26330242","0.021756401","0.049280755","0.091466114","0.14826143","0.18355542","0.14560148","0.19785987","0.093099155","0.23308635","0.03508482","0.16448113","0.22222836","0.5546869","0.37734428","0.6396169","0.23937549","0.40009868","0.62764645","0.3109155","1.3227792","2.9559886"
"3.209822","2.7006474","1.5017642","0.19458586","0.7310018","0.5444281","0.11556158","0.52090067","0.48716196","0.4585932","0.14173049","0.4191758","0.30332813","0.39148","0.13104938","0.16496633","0.32628217","0.13709868","0.104442455","0.32118556","0.0876183","0.03947384","0.24570613","0.10119184","0.14584619","0.1653406","0.050220925","0.10771052","0.14057015","0.07791154","0.12696467","0.11200524","0.06969095","0.11200524","0.12696467","0.07791154","0.14057015","0.10771052","0.050220925","0.1653406","0.14584619","0.10119184","0.24570613","0.03947384","0.0876183","0.32118556","0.104442455","0.13709868","0.32628217","0.16496633","0.13104938","0.39148","0.30332813","0.4191758","0.14173049","0.4585932","0.48716196","0.52090067","0.11556158","0.5444281","0.7310018","0.19458586","1.5017642","2.7006474"
"3.2614546","2.7989075","1.3274047","0.19111092","0.683565","0.5497955","0.2746338","0.28459048","0.34201032","0.29300025","0.49555504","0.042318944","0.1143537","0.30201775","0.1850477","0.1354604","0.17500752","0.19928639","0.17930992","0.13409232","0.10621936","0.15351461","0.1995653","0.07412329","0.10529706","0.17609167","0.071176685","0.07315386","0.20394741","0.08425924","0.1725309","0.14384896","0.020525942","0.14384896","0.1725309","0.08425924","0.20394741","0.07315386","0.071176685","0.17609167","0.10529706","0.07412329","0.1995653","0.15351461","0.10621936","0.13409232","0.17930992","0.19928639","0.17500752","0.1354604","0.1850477","0.30201775","0.1143537","0.042318944","0.49555504","0.29300025","0.34201032","0.28459048","0.2746338","0.5497955","0.683565","0.19111092","1.3274047","2.7989075"
"3.2654552","2.8430805","1.4091917","0.2211629","0.73444057","0.5198553","0.28670466","0.24666117","0.18139495","0.25585067","0.5138401","0.3052798","0.27892315","0.20840676","0.16745923","0.26195312","0.15020959","0.15498719","0.1186743","0.33789232","0.108766355","0.07428611","0.10291062","0.16377556","0.18535246","0.11114254","0.030504301","0.09328335","0.16704363","0.029564064","0.118763186","0.14789882","0.07649555","0.14789882","0.118763186","0.029564064","0.16704363","0.09328335","0.030504301","0.11114254","0.18535246","0.16377556","0.10291062","0.07428611","0.108766355","0.33789232","0.1186743","0.15498719","0.15020959","0.26195312","0.16745923","0.20840676","0.27892315","0.3052798","0.5138401","0.25585067","0.18139495","0.24666117","0.28670466","0.5198553","0.73444057","0.2211629","1.4091917","2.8430805"
"3.1258862","2.8704689","1.4105116","0.21469149","0.70725137","0.5052559","0.21717295","0.43457162","0.27194107","0.2327955","0.27045134","0.31671482","0.18745582","0.3416578","0.12338734","0.06840782","0.28565592","0.1866214","0.17196746","0.1496039","0.051340863","0.22638856","0.21842217","0.04210726","0.106509976","0.16025798","0.06636093","0.1146837","0.12879986","0.06589082","0.17348285","0.074042946","0.03540624","0.074042946","0.17348285","0.06589082","0.12879986","0.1146837","0.06636093","0.16025798","0.106509976","0.04210726","0.21842217","0.22638856","0.051340863","0.1496039","0.17196746","0.1866214","0.28565592","0.06840782","0.12338734","0.3416578","0.18745582","0.31671482","0.27045134","0.2327955","0.27194107","0.43457162","0.21717295","0.5052559","0.70725137","0.21469149","1.4105116","2.8704689"
"3.0468483","2.874876","1.4791986","0.21309452","0.7760016","0.56159085","0.21914846","0.5557802","0.24461763","0.3727968","0.12830098","0.3623325","0.13891976","0.33728778","0.13429394","0.081030875","0.36726707","0.27737406","0.2836732","0.12645338","0.05629499","0.07863476","0.2754297","0.042525537","0.08786233","0.20476997","0.09239843","0.17500529","0.13137345","0.025490226","0.12764278","0.21035197","0.0984422","0.21035197","0.12764278","0.025490226","0.13137345","0.17500529","0.09239843","0.20476997","0.08786233","0.042525537","0.2754297","0.07863476","0.05629499","0.12645338","0.2836732","0.27737406","0.36726707","0.081030875","0.13429394","0.33728778","0.13891976","0.3623325","0.12830098","0.3727968","0.24461763","0.5557802","0.21914846","0.56159085","0.7760016","0.21309452","1.4791986","2.874876"
"3.0924616","2.9100423","1.3268849","0.24166732","0.6284859","0.5231247","0.116297066","0.5609472","0.3813982","0.37910873","0.20142296","0.18748546","0.092311054","0.31967494","0.1877915","0.1846359","0.24449074","0.12480511","0.09432878","0.27186787","0.13779987","0.08175469","0.23283128","0.111242324","0.2018842","0.16251265","0.099066585","0.1516918","0.15318568","0.08354125","0.16744244","0.06465712","0.05282904","0.06465712","0.16744244","0.08354125","0.15318568","0.1516918","0.099066585","0.16251265","0.2018842","0.111242324","0.23283128","0.08175469","0.13779987","0.27186787","0.09432878","0.12480511","0.24449074","0.1846359","0.1877915","0.31967494","0.092311054","0.18748546","0.20142296","0.37910873","0.3813982","0.5609472","0.116297066","0.5231247","0.6284859","0.24166732","1.3268849","2.9100423"
"3.1667886","2.8343604","1.4447756","0.3101392","0.6865748","0.45394537","0.15765697","0.6149009","0.4741416","0.5007611","0.051169984","0.42369294","0.2224219","0.33767802","0.067200415","0.13936198","0.239128","0.08546046","0.10714396","0.23499219","0.042510316","0.069994494","0.18162404","0.072295584","0.11547495","0.20888649","0.040573083","0.10861361","0.18505253","0.044549838","0.121678986","0.16960645","0.09597461","0.16960645","0.121678986","0.044549838","0.18505253","0.10861361","0.040573083","0.20888649","0.11547495","0.072295584","0.18162404","0.069994494","0.042510316","0.23499219","0.10714396","0.08546046","0.239128","0.13936198","0.067200415","0.33767802","0.2224219","0.42369294","0.051169984","0.5007611","0.4741416","0.6149009","0.15765697","0.45394537","0.6865748","0.3101392","1.4447756","2.8343604"
"3.2274318","2.9120529","1.3168308","0.24570581","0.6206627","0.54389507","0.32330322","0.13257234","0.35874835","0.3378474","0.57894975","0.21919394","0.18293984","0.2596091","0.12348154","0.18590623","0.12517354","0.15033999","0.10071088","0.21886781","0.13864592","0.1605592","0.16671905","0.078980304","0.13015917","0.15003781","0.11167275","0.091812186","0.2354598","0.17284627","0.26979694","0.0317584","0.13508232","0.0317584","0.26979694","0.17284627","0.2354598","0.091812186","0.11167275","0.15003781","0.13015917","0.078980304","0.16671905","0.1605592","0.13864592","0.21886781","0.10071088","0.15033999","0.12517354","0.18590623","0.12348154","0.2596091","0.18293984","0.21919394","0.57894975","0.3378474","0.35874835","0.13257234","0.32330322","0.54389507","0.6206627","0.24570581","1.3168308","2.9120529"
"3.1588998","2.921198","1.4400582","0.27386546","0.6468737","0.46090287","0.31629038","0.20488773","0.21375412","0.33307597","0.6146026","0.3399569","0.2843278","0.15358254","0.20432459","0.31001613","0.12779474","0.21077682","0.1735047","0.30400145","0.056276936","0.067932755","0.1268062","0.050198767","0.11218547","0.20789552","0.12329509","0.19577605","0.09972981","0.10918201","0.1694198","0.12429831","0.08673982","0.12429831","0.1694198","0.10918201","0.09972981","0.19577605","0.12329509","0.20789552","0.11218547","0.050198767","0.1268062","0.067932755","0.056276936","0.30400145","0.1735047","0.21077682","0.12779474","0.31001613","0.20432459","0.15358254","0.2843278","0.3399569","0.6146026","0.33307597","0.21375412","0.20488773","0.31629038","0.46090287","0.6468737","0.27386546","1.4400582","2.921198"
"3.1843235","2.805902","1.3602345","0.2230912","0.729494","0.5830761","0.40514836","0.33474696","0.08079998","0.32014367","0.4307101","0.28223062","0.16527437","0.19437948","0.32025433","0.35945237","0.32825682","0.103532046","0.06505682","0.29972577","0.16541629","0.16298603","0.14353232","0.09893478","0.20968372","0.15290283","0.049104203","0.044867393","0.08213357","0.0064507127","0.14183585","0.196311","0.07761718","0.196311","0.14183585","0.0064507127","0.08213357","0.044867393","0.049104203","0.15290283","0.20968372","0.09893478","0.14353232","0.16298603","0.16541629","0.29972577","0.06505682","0.103532046","0.32825682","0.35945237","0.32025433","0.19437948","0.16527437","0.28223062","0.4307101","0.32014367","0.08079998","0.33474696","0.40514836","0.5830761","0.729494","0.2230912","1.3602345","2.805902"
"3.046325","2.9879467","1.2649883","0.34816995","0.66977185","0.4624458","0.21006949","0.6164942","0.45240742","0.49113306","0.2975918","0.08549181","0.08815064","0.19136214","0.06338166","0.17250115","0.13417515","0.20672299","0.22591454","0.20392533","0.010996562","0.07507407","0.123138286","0.09213763","0.1326636","0.09012044","0.031218344","0.06083849","0.19163863","0.06831717","0.097495645","0.25700596","0.09851697","0.25700596","0.097495645","0.06831717","0.19163863","0.06083849","0.031218344","0.09012044","0.1326636","0.09213763","0.123138286","0.07507407","0.010996562","0.20392533","0.22591454","0.20672299","0.13417515","0.17250115","0.06338166","0.19136214","0.08815064","0.08549181","0.2975918","0.49113306","0.45240742","0.6164942","0.21006949","0.4624458","0.66977185","0.34816995","1.2649883","2.9879467"
"3.2265718","2.8368497","1.3416778","0.23578307","0.6973359","0.4090828","0.18508114","0.50892323","0.45037413","0.4930738","0.17136663","0.14555863","0.042664655","0.24875546","0.09173998","0.13357805","0.18095057","0.20770584","0.17379361","0.18170677","0.087809615","0.012851298","0.24904975","0.15430598","0.15465318","0.15734547","0.12764592","0.13287428","0.22290862","0.103663824","0.12916991","0.09473852","0.01473086","0.09473852","0.12916991","0.103663824","0.22290862","0.13287428","0.12764592","0.15734547","0.15465318","0.15430598","0.24904975","0.012851298","0.087809615","0.18170677","0.17379361","0.20770584","0.18095057","0.13357805","0.09173998","0.24875546","0.042664655","0.14555863","0.17136663","0.4930738","0.45037413","0.50892323","0.18508114","0.4090828","0.6973359","0.23578307","1.3416778","2.8368497"
"2.8734808","2.7189903","0.58005536","0.09502605","0.608102","0.59003466","0.14636897","0.36372912","0.10001819","0.13661614","0.8702966","0.66713357","0.4354168","1.1451519","0.55839527","0.32694212","0.51158893","0.31206414","0.21915945","0.32585084","0.1925296","0.21728617","0.24727961","0.33799386","0.18780479","0.1301218","0.246579","0.10731713","0.16164425","0.11813454","0.07323849","0.17713384","0.044416774","0.17713384","0.07323849","0.11813454","0.16164425","0.10731713","0.246579","0.1301218","0.18780479","0.33799386","0.24727961","0.21728617","0.1925296","0.32585084","0.21915945","0.31206414","0.51158893","0.32694212","0.55839527","1.1451519","0.4354168","0.66713357","0.8702966","0.13661614","0.10001819","0.36372912","0.14636897","0.59003466","0.608102","0.09502605","0.58005536","2.7189903"
"2.8119779","2.354495","0.5913416","0.06565367","1.1562825","0.67217016","0.0819513","0.67906785","0.9808125","0.44708952","1.4847226","0.84645426","0.25268346","0.24735846","0.032661308","0.092165574","0.15879871","0.119762234","0.2573878","0.39757293","0.15118775","0.14480512","0.23297204","0.22034967","0.27648008","0.24431938","0.0978921","0.09327913","0.119724736","0.024201417","0.12426977","0.17128788","0.05544618","0.17128788","0.12426977","0.024201417","0.119724736","0.09327913","0.0978921","0.24431938","0.27648008","0.22034967","0.23297204","0.14480512","0.15118775","0.39757293","0.2573878","0.119762234","0.15879871","0.092165574","0.032661308","0.24735846","0.25268346","0.84645426","1.4847226","0.44708952","0.9808125","0.67906785","0.0819513","0.67217016","1.1562825","0.06565367","0.5913416","2.354495"
"2.883613","2.3523676","0.89256275","0.14943717","0.9590661","0.39479628","0.029571837","1.1622685","1.105626","0.51214075","1.0774821","0.38819125","0.14697228","0.24491018","0.15602659","0.11341174","0.4778075","0.22206496","0.32683116","0.2790527","0.16856737","0.10869171","0.17441319","0.018551804","0.12212277","0.27414504","0.07217434","0.19873229","0.12131732","0.122653216","0.13270745","0.1762474","0.04011717","0.1762474","0.13270745","0.122653216","0.12131732","0.19873229","0.07217434","0.27414504","0.12212277","0.018551804","0.17441319","0.10869171","0.16856737","0.2790527","0.32683116","0.22206496","0.4778075","0.11341174","0.15602659","0.24491018","0.14697228","0.38819125","1.0774821","0.51214075","1.105626","1.1622685","0.029571837","0.39479628","0.9590661","0.14943717","0.89256275","2.3523676"
"2.900961","2.1677697","0.9887805","0.09904441","1.0650516","0.3732024","0.059137102","1.3438815","1.2417649","0.43633616","1.0639477","0.545293","0.13871239","0.56783587","0.2481602","0.20426503","0.6994234","0.37099412","0.29706514","0.31573707","0.16351345","0.02617595","0.18129563","0.12925124","0.14015982","0.33676752","0.10926619","0.21640953","0.07046038","0.10625827","0.1345752","0.15256184","0.03503242","0.15256184","0.1345752","0.10625827","0.07046038","0.21640953","0.10926619","0.33676752","0.14015982","0.12925124","0.18129563","0.02617595","0.16351345","0.31573707","0.29706514","0.37099412","0.6994234","0.20426503","0.2481602","0.56783587","0.13871239","0.545293","1.0639477","0.43633616","1.2417649","1.3438815","0.059137102","0.3732024","1.0650516","0.09904441","0.9887805","2.1677697"
"2.7472222","1.8536245","1.2883999","0.03821316","1.1388519","0.5356421","0.2418517","1.474291","0.890767","0.21641102","1.1431994","0.864899","0.4644816","0.27068365","0.20314933","0.038739346","0.24218452","0.20461227","0.1977857","0.26814044","0.3400184","0.14089078","0.32216302","0.076505676","0.18160658","0.03347122","0.10042047","0.15757777","0.28327593","0.085504524","0.2531284","0.16314751","0.0423604","0.16314751","0.2531284","0.085504524","0.28327593","0.15757777","0.10042047","0.03347122","0.18160658","0.076505676","0.32216302","0.14089078","0.3400184","0.26814044","0.1977857","0.20461227","0.24218452","0.038739346","0.20314933","0.27068365","0.4644816","0.864899","1.1431994","0.21641102","0.890767","1.474291","0.2418517","0.5356421","1.1388519","0.03821316","1.2883999","1.8536245"
"2.8008738","1.9559875","1.3398613","0.061027464","1.3528123","0.5108194","0.27438563","1.1466126","0.7142505","0.25558212","1.1343937","0.83707166","0.4606996","0.5641684","0.17190915","0.026226904","0.21386099","0.044862192","0.21595058","0.423904","0.32809275","0.1959651","0.30890688","0.12856281","0.1427026","0.11302558","0.10551848","0.3604336","0.14793617","0.05634673","0.16579793","0.075754225","0.117996044","0.075754225","0.16579793","0.05634673","0.14793617","0.3604336","0.10551848","0.11302558","0.1427026","0.12856281","0.30890688","0.1959651","0.32809275","0.423904","0.21595058","0.044862192","0.21386099","0.026226904","0.17190915","0.5641684","0.4606996","0.83707166","1.1343937","0.25558212","0.7142505","1.1466126","0.27438563","0.5108194","1.3528123","0.061027464","1.3398613","1.9559875"
"3.001497","2.4901283","0.4300137","0.04459229","0.80713785","0.6968132","0.21113092","0.34440994","0.25794378","0.19347078","1.165021","0.82203555","0.48009482","1.09324","0.5923606","0.29192775","0.3931908","0.21537893","0.18881044","0.3263972","0.24352302","0.2216846","0.21687646","0.2738263","0.16574937","0.08693833","0.15026195","0.15702303","0.18920249","0.07278058","0.11056216","0.16407542","0.061017003","0.16407542","0.11056216","0.07278058","0.18920249","0.15702303","0.15026195","0.08693833","0.16574937","0.2738263","0.21687646","0.2216846","0.24352302","0.3263972","0.18881044","0.21537893","0.3931908","0.29192775","0.5923606","1.09324","0.48009482","0.82203555","1.165021","0.19347078","0.25794378","0.34440994","0.21113092","0.6968132","0.80713785","0.04459229","0.4300137","2.4901283"
"2.9009984","2.2562575","0.5666718","0.06394115","1.0964788","0.6517809","0.15766223","0.8104028","1.0530648","0.46603695","1.4080032","0.77306926","0.16791707","0.39479148","0.21352589","0.24047697","0.37154064","0.19103074","0.25111946","0.45300063","0.16371483","0.10783785","0.29257295","0.20179176","0.2925913","0.2554685","0.16582076","0.14524217","0.10363979","0.023706827","0.15228729","0.17136197","0.0058325157","0.17136197","0.15228729","0.023706827","0.10363979","0.14524217","0.16582076","0.2554685","0.2925913","0.20179176","0.29257295","0.10783785","0.16371483","0.45300063","0.25111946","0.19103074","0.37154064","0.24047697","0.21352589","0.39479148","0.16791707","0.77306926","1.4080032","0.46603695","1.0530648","0.8104028","0.15766223","0.6517809","1.0964788","0.06394115","0.5666718","2.2562575"
"2.9378254","2.2053492","0.8074957","0.07222141","1.0425385","0.43320015","0.16950986","1.2018526","1.228867","0.5206382","1.1186612","0.47323626","0.2815195","0.57830817","0.124171786","0.13923976","0.5496732","0.37098965","0.318581","0.32898825","0.17320982","0.14557087","0.14640233","0.14073469","0.11394827","0.33234537","0.13085541","0.15539171","0.021968612","0.047446165","0.24982432","0.24178375","0.07182208","0.24178375","0.24982432","0.047446165","0.021968612","0.15539171","0.13085541","0.33234537","0.11394827","0.14073469","0.14640233","0.14557087","0.17320982","0.32898825","0.318581","0.37098965","0.5496732","0.13923976","0.124171786","0.57830817","0.2815195","0.47323626","1.1186612","0.5206382","1.228867","1.2018526","0.16950986","0.43320015","1.0425385","0.07222141","0.8074957","2.2053492"
"2.8838747","2.2084882","1.1023769","0.22580548","0.99841166","0.3384785","0.14350246","1.4965863","1.0261866","0.47147435","0.7954971","0.47698823","0.34600902","0.5807474","0.16363825","0.2682435","0.46201915","0.30335164","0.07372374","0.07380369","0.1822905","0.17618454","0.25605643","0.16298036","0.16572584","0.17822169","0.14998408","0.2378723","0.17740045","0.044319123","0.109784365","0.1445725","0.08898308","0.1445725","0.109784365","0.044319123","0.17740045","0.2378723","0.14998408","0.17822169","0.16572584","0.16298036","0.25605643","0.17618454","0.1822905","0.07380369","0.07372374","0.30335164","0.46201915","0.2682435","0.16363825","0.5807474","0.34600902","0.47698823","0.7954971","0.47147435","1.0261866","1.4965863","0.14350246","0.3384785","0.99841166","0.22580548","1.1023769","2.2084882"
"2.7362301","1.9131198","1.2393532","0.12899561","1.2987624","0.5062891","0.17561194","1.2477472","0.9026235","0.25481722","1.0291109","0.87815","0.43274295","0.64781827","0.15346539","0.1098729","0.17427826","0.17551473","0.2434377","0.3982674","0.33666515","0.15024287","0.2463922","0.058093973","0.18615827","0.04869403","0.10673775","0.27676326","0.21937639","0.2127581","0.16428187","0.1455862","0.045575805","0.1455862","0.16428187","0.2127581","0.21937639","0.27676326","0.10673775","0.04869403","0.18615827","0.058093973","0.2463922","0.15024287","0.33666515","0.3982674","0.2434377","0.17551473","0.17427826","0.1098729","0.15346539","0.64781827","0.43274295","0.87815","1.0291109","0.25481722","0.9026235","1.2477472","0.17561194","0.5062891","1.2987624","0.12899561","1.2393532","1.9131198"
"2.8759112","1.9609787","1.2337629","0.1064673","1.1786978","0.43303284","0.2315654","1.2619445","0.911833","0.26662818","1.0040867","0.7394823","0.4088715","0.41159686","0.26847908","0.12146425","0.34908938","0.23284934","0.2246659","0.40973055","0.27120447","0.15903059","0.31226116","0.13365199","0.1916653","0.019081546","0.08735456","0.25103223","0.17681123","0.10072816","0.1660806","0.16776112","0.033387337","0.16776112","0.1660806","0.10072816","0.17681123","0.25103223","0.08735456","0.019081546","0.1916653","0.13365199","0.31226116","0.15903059","0.27120447","0.40973055","0.2246659","0.23284934","0.34908938","0.12146425","0.26847908","0.41159686","0.4088715","0.7394823","1.0040867","0.26662818","0.911833","1.2619445","0.2315654","0.43303284","1.1786978","0.1064673","1.2337629","1.9609787"
"3.0271823","2.507695","0.29080674","0.07964032","0.8392667","0.66444355","0.26077223","0.54062897","0.45372835","0.2754078","1.3139457","0.71383315","0.43634826","0.93588644","0.47457042","0.2409534","0.45957062","0.14483678","0.32101703","0.37760997","0.41836914","0.26544285","0.2623348","0.19057466","0.14282583","0.16019839","0.012564347","0.16073278","0.17873345","0.039494734","0.20188563","0.1579726","0.078327544","0.1579726","0.20188563","0.039494734","0.17873345","0.16073278","0.012564347","0.16019839","0.14282583","0.19057466","0.2623348","0.26544285","0.41836914","0.37760997","0.32101703","0.14483678","0.45957062","0.2409534","0.47457042","0.93588644","0.43634826","0.71383315","1.3139457","0.2754078","0.45372835","0.54062897","0.26077223","0.66444355","0.8392667","0.07964032","0.29080674","2.507695"
"2.879276","2.2791615","0.74408257","0.10976458","1.1008713","0.37702462","0.0947566","1.1382482","1.1398425","0.5253633","1.3300663","0.49656573","0.114253126","0.1781217","0.17708878","0.111139774","0.27727738","0.17065047","0.209969","0.34423238","0.34715706","0.2603708","0.37209338","0.18791294","0.17639273","0.22502339","0.15621653","0.18844303","0.108913206","0.017440168","0.08127422","0.1408438","0.09201152","0.1408438","0.08127422","0.017440168","0.108913206","0.18844303","0.15621653","0.22502339","0.17639273","0.18791294","0.37209338","0.2603708","0.34715706","0.34423238","0.209969","0.17065047","0.27727738","0.111139774","0.17708878","0.1781217","0.114253126","0.49656573","1.3300663","0.5253633","1.1398425","1.1382482","0.0947566","0.37702462","1.1008713","0.10976458","0.74408257","2.2791615"
"2.8135855","2.1887898","0.8960772","0.073646955","0.9946084","0.2754727","0.19911535","1.5157578","1.3473699","0.4486921","1.0577124","0.41801724","0.10976212","0.4497549","0.09783794","0.19847809","0.61251897","0.40549552","0.27650744","0.1943062","0.122431196","0.11246926","0.20722672","0.050493535","0.08794507","0.17115489","0.07514246","0.16373613","0.12594222","0.04036474","0.18206462","0.15930113","0.023404803","0.15930113","0.18206462","0.04036474","0.12594222","0.16373613","0.07514246","0.17115489","0.08794507","0.050493535","0.20722672","0.11246926","0.122431196","0.1943062","0.27650744","0.40549552","0.61251897","0.19847809","0.09783794","0.4497549","0.10976212","0.41801724","1.0577124","0.4486921","1.3473699","1.5157578","0.19911535","0.2754727","0.9946084","0.073646955","0.8960772","2.1887898"
"2.9799988","2.0791795","1.0151099","0.19498199","1.003774","0.4241228","0.20134266","1.5765005","1.0772972","0.36632434","0.8462074","0.41804776","0.29691344","0.49344724","0.095757574","0.24544682","0.6401502","0.46729594","0.2675143","0.2158387","0.18450582","0.18069775","0.16839163","0.045285054","0.14462817","0.3278973","0.25648445","0.33850873","0.23442101","0.027648574","0.10892106","0.14499213","0.036901806","0.14499213","0.10892106","0.027648574","0.23442101","0.33850873","0.25648445","0.3278973","0.14462817","0.045285054","0.16839163","0.18069775","0.18450582","0.2158387","0.2675143","0.46729594","0.6401502","0.24544682","0.095757574","0.49344724","0.29691344","0.41804776","0.8462074","0.36632434","1.0772972","1.5765005","0.20134266","0.4241228","1.003774","0.19498199","1.0151099","2.0791795"
"2.9700537","1.9538316","1.1528438","0.11768788","0.99696785","0.43470547","0.20594423","1.4434711","0.9615637","0.2878737","0.8178255","0.68284726","0.37102503","0.4713866","0.23071806","0.14484373","0.23571296","0.121379174","0.11982423","0.27780843","0.18148002","0.08739028","0.21596672","0.052112807","0.14568947","0.11779659","0.1350462","0.20650713","0.16316119","0.09439679","0.06968628","0.22412832","0.21965365","0.22412832","0.06968628","0.09439679","0.16316119","0.20650713","0.1350462","0.11779659","0.14568947","0.052112807","0.21596672","0.08739028","0.18148002","0.27780843","0.11982423","0.121379174","0.23571296","0.14484373","0.23071806","0.4713866","0.37102503","0.68284726","0.8178255","0.2878737","0.9615637","1.4434711","0.20594423","0.43470547","0.99696785","0.11768788","1.1528438","1.9538316"
"2.7542136","1.4691436","1.6144325","0.06163671","1.0543385","0.72250074","0.33782178","1.3590189","0.8142862","0.28165624","1.3253529","0.5493343","0.2618392","0.29524168","0.3988984","0.08260299","0.13105299","0.161872","0.19253758","0.4242328","0.24256839","0.23843038","0.14406586","0.18697071","0.092501245","0.095993176","0.13607277","0.32626233","0.38643044","0.15352845","0.0952636","0.076551385","0.094366945","0.076551385","0.0952636","0.15352845","0.38643044","0.32626233","0.13607277","0.095993176","0.092501245","0.18697071","0.14406586","0.23843038","0.24256839","0.4242328","0.19253758","0.161872","0.13105299","0.08260299","0.3988984","0.29524168","0.2618392","0.5493343","1.3253529","0.28165624","0.8142862","1.3590189","0.33782178","0.72250074","1.0543385","0.06163671","1.6144325","1.4691436"
"3.0136852","2.6279573","0.4819003","0.068073","0.59505856","0.69234097","0.2814384","0.3207455","0.24002378","0.1460676","1.0607219","0.69725615","0.43119243","1.0808705","0.6018761","0.37948146","0.4746412","0.26705715","0.23151793","0.4565451","0.21902806","0.25474995","0.2151358","0.22100447","0.05313837","0.19722676","0.1111193","0.20954463","0.2542658","0.13670935","0.15776055","0.08891808","0.03506984","0.08891808","0.15776055","0.13670935","0.2542658","0.20954463","0.1111193","0.19722676","0.05313837","0.22100447","0.2151358","0.25474995","0.21902806","0.4565451","0.23151793","0.26705715","0.4746412","0.37948146","0.6018761","1.0808705","0.43119243","0.69725615","1.0607219","0.1460676","0.24002378","0.3207455","0.2814384","0.69234097","0.59505856","0.068073","0.4819003","2.6279573"
"2.7072544","2.3462582","0.6288744","0.12037744","1.1478668","0.6851391","0.06678222","0.7023675","0.85435617","0.37717852","1.5565579","0.889061","0.29745552","0.2927909","0.1356987","0.030517247","0.046485838","0.10017671","0.203262","0.44134596","0.26109454","0.2552691","0.31061277","0.30234864","0.24142388","0.37235883","0.12488033","0.13914883","0.1005377","0.059001174","0.1246022","0.11881694","0.07986048","0.11881694","0.1246022","0.059001174","0.1005377","0.13914883","0.12488033","0.37235883","0.24142388","0.30234864","0.31061277","0.2552691","0.26109454","0.44134596","0.203262","0.10017671","0.046485838","0.030517247","0.1356987","0.2927909","0.29745552","0.889061","1.5565579","0.37717852","0.85435617","0.7023675","0.06678222","0.6851391","1.1478668","0.12037744","0.6288744","2.3462582"
"2.61042","2.1740618","0.7878804","0.042033616","1.0038025","0.22946401","0.07964757","1.515462","1.4165192","0.48315895","0.96116465","0.41419807","0.10805813","0.30227932","0.13085887","0.16680111","0.54363376","0.36124668","0.25724596","0.13906108","0.10957127","0.11341064","0.19256973","0.14165962","0.060052756","0.3204549","0.2047788","0.21697214","0.10608124","0.07732926","0.18202364","0.15576361","0.09047861","0.15576361","0.18202364","0.07732926","0.10608124","0.21697214","0.2047788","0.3204549","0.060052756","0.14165962","0.19256973","0.11341064","0.10957127","0.13906108","0.25724596","0.36124668","0.54363376","0.16680111","0.13085887","0.30227932","0.10805813","0.41419807","0.96116465","0.48315895","1.4165192","1.515462","0.07964757","0.22946401","1.0038025","0.042033616","0.7878804","2.1740618"
"2.8150063","2.1458263","1.076074","0.19156803","1.0612221","0.4702046","0.2805189","1.6450217","1.1216372","0.4068512","0.7571878","0.44699883","0.2794627","0.37452948","0.31478125","0.31778032","0.55968696","0.32432112","0.030872792","0.13568477","0.22717535","0.038248327","0.42664984","0.13302848","0.20504555","0.14952695","0.25429663","0.377234","0.17954093","0.07938011","0.12157335","0.060562585","0.097657055","0.060562585","0.12157335","0.07938011","0.17954093","0.377234","0.25429663","0.14952695","0.20504555","0.13302848","0.42664984","0.038248327","0.22717535","0.13568477","0.030872792","0.32432112","0.55968696","0.31778032","0.31478125","0.37452948","0.2794627","0.44699883","0.7571878","0.4068512","1.1216372","1.6450217","0.2805189","0.4702046","1.0612221","0.19156803","1.076074","2.1458263"
"2.7587001","2.0967605","1.1311547","0.14462425","0.9918256","0.41403103","0.1945752","1.6330676","1.0900329","0.25740167","0.73847544","0.5224301","0.26637736","0.2880178","0.1669492","0.21780984","0.46132338","0.2803826","0.05080246","0.23725387","0.13447385","0.08507016","0.30146825","0.07999717","0.20844828","0.07776962","0.09404208","0.21682185","0.25019208","0.04864653","0.12118986","0.124834254","0.13938192","0.124834254","0.12118986","0.04864653","0.25019208","0.21682185","0.09404208","0.07776962","0.20844828","0.07999717","0.30146825","0.08507016","0.13447385","0.23725387","0.05080246","0.2803826","0.46132338","0.21780984","0.1669492","0.2880178","0.26637736","0.5224301","0.73847544","0.25740167","1.0900329","1.6330676","0.1945752","0.41403103","0.9918256","0.14462425","1.1311547","2.0967605"
"2.5663772","1.602336","1.6476309","0.08875335","1.204033","0.48507917","0.27633768","1.268488","0.5777433","0.28735647","1.4849612","0.7911976","0.2405981","0.1174268","0.12706165","0.164291","0.030368755","0.14668982","0.18119705","0.34173855","0.30533206","0.11451823","0.106082685","0.123263165","0.15314032","0.15339214","0.11530649","0.18293408","0.28636387","0.14047846","0.15509957","0.14557418","0.17662019","0.14557418","0.15509957","0.14047846","0.28636387","0.18293408","0.11530649","0.15339214","0.15314032","0.123263165","0.106082685","0.11451823","0.30533206","0.34173855","0.18119705","0.14668982","0.030368755","0.164291","0.12706165","0.1174268","0.2405981","0.7911976","1.4849612","0.28735647","0.5777433","1.268488","0.27633768","0.48507917","1.204033","0.08875335","1.6476309","1.602336"
